{"v":"5.6.9","fr":23.9759979248047,"ip":0,"op":95.9999916909097,"w":730,"h":100,"nm":"SUBMIT","ddd":0,"assets":[],"layers":[{"ddd":0,"ind":1,"ty":4,"nm":"CHECK MARK","sr":1,"ks":{"o":{"a":1,"k":[{"i":{"x":[0.15],"y":[1]},"o":{"x":[0.85],"y":[0]},"t":64,"s":[0]},{"t":76.9999933354171,"s":[100]}],"ix":11},"r":{"a":0,"k":0,"ix":10},"p":{"a":0,"k":[365,49.699,0],"ix":2},"a":{"a":0,"k":[29.25,22.359,0],"ix":1},"s":{"a":1,"k":[{"i":{"x":[0.15,0.15,0.15],"y":[1,1,1]},"o":{"x":[0.85,0.85,0.85],"y":[0,0,0]},"t":64,"s":[0,0,100]},{"t":76.9999933354171,"s":[100,100,100]}],"ix":6}},"ao":0,"shapes":[{"ty":"gr","it":[{"ind":0,"ty":"sh","ix":1,"ks":{"a":0,"k":{"i":[[0,0],[0,0],[0,0],[0,0],[0,0],[0,0]],"o":[[0,0],[0,0],[0,0],[0,0],[0,0],[0,0]],"v":[[-10.568,12.777],[-24.318,-0.973],[-29,3.676],[-10.568,22.109],[29,-17.459],[24.35,-22.109]],"c":true},"ix":2},"nm":"Path 1","mn":"ADBE Vector Shape - Group","hd":false},{"ty":"fl","c":{"a":0,"k":[0.478431372549,0.854901960784,0.352941176471,1],"ix":4},"o":{"a":0,"k":100,"ix":5},"r":1,"bm":0,"nm":"Fill 1","mn":"ADBE Vector Graphic - Fill","hd":false},{"ty":"tr","p":{"a":0,"k":[29.25,22.359],"ix":2},"a":{"a":0,"k":[0,0],"ix":1},"s":{"a":0,"k":[100,100],"ix":3},"r":{"a":0,"k":0,"ix":6},"o":{"a":0,"k":100,"ix":7},"sk":{"a":0,"k":0,"ix":4},"sa":{"a":0,"k":0,"ix":5},"nm":"Transform"}],"nm":"Group 1","np":2,"cix":2,"bm":0,"ix":1,"mn":"ADBE Vector Group","hd":false}],"ip":63.9999944606064,"op":95.9999916909097,"st":-0.99999991344698,"bm":0},{"ddd":0,"ind":2,"ty":4,"nm":"SUBMIT TEXT","sr":1,"ks":{"o":{"a":1,"k":[{"i":{"x":[0.833],"y":[0.833]},"o":{"x":[0.167],"y":[0.167]},"t":14,"s":[100]},{"t":20.9999981823865,"s":[0]}],"ix":11},"r":{"a":0,"k":0,"ix":10},"p":{"a":0,"k":[364.2,53.797,0],"ix":2},"a":{"a":0,"k":[0,-9,0],"ix":1},"s":{"a":0,"k":[100,100,100],"ix":6}},"ao":0,"shapes":[{"ty":"gr","it":[{"ind":0,"ty":"sh","ix":1,"ks":{"a":0,"k":{"i":[[0.779,-0.627],[1.547,0],[0.961,0.797],[0,1.453],[0,0],[-0.861,-1.207],[-1.553,-0.686],[-1.852,0],[-1.635,1.26],[0,2.133],[0.562,0.979],[1.207,0.756],[1.992,0.592],[0.867,0.627],[0,0.938],[-0.803,0.621],[-1.453,0],[-0.838,-0.756],[0,-1.336],[0,0],[0.797,1.213],[1.394,0.656],[1.781,0],[1.681,-1.336],[0,-2.062],[-2.332,-1.465],[-2.063,-0.621],[-0.791,-0.609],[0,-1.125]],"o":[[-0.779,0.627],[-1.793,0],[-0.961,-0.797],[0,0],[0,1.606],[0.861,1.207],[1.553,0.686],[2.801,0],[1.635,-1.26],[0,-1.312],[-0.562,-0.978],[-1.207,-0.756],[-1.992,-0.592],[-0.867,-0.627],[0,-1.113],[0.803,-0.621],[1.558,0],[0.838,0.756],[0,0],[0,-1.477],[-0.797,-1.213],[-1.395,-0.656],[-2.684,0],[-1.682,1.336],[0,2.355],[1.219,0.762],[2.062,0.621],[0.791,0.609],[0,1.031]],"v":[[-50.124,-4.104],[-53.613,-3.164],[-57.744,-4.359],[-59.186,-7.734],[-63.633,-7.734],[-62.341,-3.516],[-58.72,-0.677],[-53.613,0.352],[-46.96,-1.538],[-44.508,-6.627],[-45.352,-10.063],[-48.006,-12.665],[-52.805,-14.687],[-57.094,-16.515],[-58.395,-18.861],[-57.19,-21.463],[-53.807,-22.395],[-50.212,-21.261],[-48.955,-18.123],[-44.525,-18.123],[-45.721,-22.157],[-49.008,-24.961],[-53.771,-25.945],[-60.319,-23.941],[-62.842,-18.844],[-59.344,-13.113],[-54.422,-11.039],[-50.142,-9.193],[-48.955,-6.592]],"c":true},"ix":2},"nm":"S","mn":"ADBE Vector Shape - Group","hd":false},{"ty":"fl","c":{"a":0,"k":[0.478431372549,0.854901960784,0.352941176471,1],"ix":4},"o":{"a":0,"k":100,"ix":5},"r":1,"bm":0,"nm":"Fill 1","mn":"ADBE Vector Graphic - Fill","hd":false},{"ty":"tr","p":{"a":0,"k":[0,0],"ix":2},"a":{"a":0,"k":[0,0],"ix":1},"s":{"a":0,"k":[100,100],"ix":3},"r":{"a":0,"k":0,"ix":6},"o":{"a":0,"k":100,"ix":7},"sk":{"a":0,"k":0,"ix":4},"sa":{"a":0,"k":0,"ix":5},"nm":"Transform"}],"nm":"S","np":3,"cix":2,"bm":0,"ix":1,"mn":"ADBE Vector Group","hd":false},{"ty":"gr","it":[{"ind":0,"ty":"sh","ix":1,"ks":{"a":0,"k":{"i":[[0,0],[0,0],[3.422,0],[0.867,0.903],[0,1.711],[0,0],[0,0],[0,0],[-1.723,-1.564],[-2.93,0],[-1.74,1.588],[0,2.719],[0,0]],"o":[[0,0],[0,3.61],[-1.688,0],[-0.867,-0.902],[0,0],[0,0],[0,0],[0,2.777],[1.723,1.564],[2.894,0],[1.74,-1.588],[0,0],[0,0]],"v":[[-26.314,-25.594],[-26.314,-8.613],[-31.447,-3.199],[-35.279,-4.553],[-36.58,-8.473],[-36.58,-25.594],[-41.01,-25.594],[-41.01,-8.508],[-38.426,-1.995],[-31.447,0.352],[-24.495,-2.03],[-21.885,-8.49],[-21.885,-25.594]],"c":true},"ix":2},"nm":"U","mn":"ADBE Vector Shape - Group","hd":false},{"ty":"fl","c":{"a":0,"k":[0.478431372549,0.854901960784,0.352941176471,1],"ix":4},"o":{"a":0,"k":100,"ix":5},"r":1,"bm":0,"nm":"Fill 1","mn":"ADBE Vector Graphic - Fill","hd":false},{"ty":"tr","p":{"a":0,"k":[0,0],"ix":2},"a":{"a":0,"k":[0,0],"ix":1},"s":{"a":0,"k":[100,100],"ix":3},"r":{"a":0,"k":0,"ix":6},"o":{"a":0,"k":100,"ix":7},"sk":{"a":0,"k":0,"ix":4},"sa":{"a":0,"k":0,"ix":5},"nm":"Transform"}],"nm":"U","np":3,"cix":2,"bm":0,"ix":2,"mn":"ADBE Vector Group","hd":false},{"ty":"gr","it":[{"ind":0,"ty":"sh","ix":1,"ks":{"a":0,"k":{"i":[[0,0],[-1.541,1.289],[0,2.402],[0.756,1.037],[1.383,0.375],[-0.633,0.938],[0,1.172],[1.512,1.16],[2.894,0],[0,0],[0,0]],"o":[[2.871,0],[1.541,-1.289],[0,-1.453],[-0.756,-1.037],[1.219,-0.516],[0.633,-0.937],[0,-2.297],[-1.512,-1.16],[0,0],[0,0],[0,0]],"v":[[-7.805,0],[-1.187,-1.934],[1.125,-7.471],[-0.009,-11.206],[-3.217,-13.324],[-0.439,-15.504],[0.51,-18.668],[-1.758,-23.854],[-8.367,-25.594],[-17.139,-25.594],[-17.139,0]],"c":true},"ix":2},"nm":"B","mn":"ADBE Vector Shape - Group","hd":false},{"ind":1,"ty":"sh","ix":2,"ks":{"a":0,"k":{"i":[[0,0],[0,-2.66],[0.785,-0.691],[1.394,0],[0,0],[0,0]],"o":[[2.719,0.059],[0,1.23],[-0.785,0.692],[0,0],[0,0],[0,0]],"v":[[-7.383,-11.549],[-3.305,-7.471],[-4.482,-4.588],[-7.752,-3.551],[-12.691,-3.551],[-12.691,-11.549]],"c":true},"ix":2},"nm":"B","mn":"ADBE Vector Shape - Group","hd":false},{"ind":2,"ty":"sh","ix":3,"ks":{"a":0,"k":{"i":[[0,0],[0,0],[-0.721,-0.562],[0,-1.266],[0.779,-0.627],[1.383,0],[0,0]],"o":[[0,0],[1.523,0],[0.721,0.562],[0,1.149],[-0.779,0.627],[0,0],[0,0]],"v":[[-12.691,-22.008],[-8.367,-22.008],[-5.001,-21.164],[-3.92,-18.422],[-5.089,-15.759],[-8.332,-14.818],[-12.691,-14.818]],"c":true},"ix":2},"nm":"B","mn":"ADBE Vector Shape - Group","hd":false},{"ty":"mm","mm":1,"nm":"Merge Paths 1","mn":"ADBE Vector Filter - Merge","hd":false},{"ty":"fl","c":{"a":0,"k":[0.478431372549,0.854901960784,0.352941176471,1],"ix":4},"o":{"a":0,"k":100,"ix":5},"r":1,"bm":0,"nm":"Fill 1","mn":"ADBE Vector Graphic - Fill","hd":false},{"ty":"tr","p":{"a":0,"k":[0,0],"ix":2},"a":{"a":0,"k":[0,0],"ix":1},"s":{"a":0,"k":[100,100],"ix":3},"r":{"a":0,"k":0,"ix":6},"o":{"a":0,"k":100,"ix":7},"sk":{"a":0,"k":0,"ix":4},"sa":{"a":0,"k":0,"ix":5},"nm":"Transform"}],"nm":"B","np":6,"cix":2,"bm":0,"ix":3,"mn":"ADBE Vector Group","hd":false},{"ty":"gr","it":[{"ind":0,"ty":"sh","ix":1,"ks":{"a":0,"k":{"i":[[0,0],[0,0],[0,0],[0,0],[0,0],[0,0],[0,0],[0,0],[0,0],[0,0],[0,0],[0,0],[0,0],[0,0],[0,0]],"o":[[0,0],[0,0],[0,0],[0,0],[0,0],[0,0],[0,0],[0,0],[0,0],[0,0],[0,0],[0,0],[0,0],[0,0],[0,0]],"v":[[5.572,-25.594],[5.572,0],[10.002,0],[10.002,-8.438],[9.562,-19.705],[17.104,0],[20.285,0],[27.844,-19.723],[27.404,-8.438],[27.404,0],[31.834,0],[31.834,-25.594],[26.086,-25.594],[18.721,-5.977],[11.338,-25.594]],"c":true},"ix":2},"nm":"M","mn":"ADBE Vector Shape - Group","hd":false},{"ty":"fl","c":{"a":0,"k":[0.478431372549,0.854901960784,0.352941176471,1],"ix":4},"o":{"a":0,"k":100,"ix":5},"r":1,"bm":0,"nm":"Fill 1","mn":"ADBE Vector Graphic - Fill","hd":false},{"ty":"tr","p":{"a":0,"k":[0,0],"ix":2},"a":{"a":0,"k":[0,0],"ix":1},"s":{"a":0,"k":[100,100],"ix":3},"r":{"a":0,"k":0,"ix":6},"o":{"a":0,"k":100,"ix":7},"sk":{"a":0,"k":0,"ix":4},"sa":{"a":0,"k":0,"ix":5},"nm":"Transform"}],"nm":"M","np":3,"cix":2,"bm":0,"ix":4,"mn":"ADBE Vector Group","hd":false},{"ty":"gr","it":[{"ind":0,"ty":"sh","ix":1,"ks":{"a":0,"k":{"i":[[0,0],[0,0],[0,0],[0,0]],"o":[[0,0],[0,0],[0,0],[0,0]],"v":[[41.783,-25.594],[37.354,-25.594],[37.354,0],[41.783,0]],"c":true},"ix":2},"nm":"I","mn":"ADBE Vector Shape - Group","hd":false},{"ty":"fl","c":{"a":0,"k":[0.478431372549,0.854901960784,0.352941176471,1],"ix":4},"o":{"a":0,"k":100,"ix":5},"r":1,"bm":0,"nm":"Fill 1","mn":"ADBE Vector Graphic - Fill","hd":false},{"ty":"tr","p":{"a":0,"k":[0,0],"ix":2},"a":{"a":0,"k":[0,0],"ix":1},"s":{"a":0,"k":[100,100],"ix":3},"r":{"a":0,"k":0,"ix":6},"o":{"a":0,"k":100,"ix":7},"sk":{"a":0,"k":0,"ix":4},"sa":{"a":0,"k":0,"ix":5},"nm":"Transform"}],"nm":"I","np":3,"cix":2,"bm":0,"ix":5,"mn":"ADBE Vector Group","hd":false},{"ty":"gr","it":[{"ind":0,"ty":"sh","ix":1,"ks":{"a":0,"k":{"i":[[0,0],[0,0],[0,0],[0,0],[0,0],[0,0],[0,0],[0,0]],"o":[[0,0],[0,0],[0,0],[0,0],[0,0],[0,0],[0,0],[0,0]],"v":[[65.232,-25.594],[44.93,-25.594],[44.93,-22.008],[52.84,-22.008],[52.84,0],[57.252,0],[57.252,-22.008],[65.232,-22.008]],"c":true},"ix":2},"nm":"T","mn":"ADBE Vector Shape - Group","hd":false},{"ty":"fl","c":{"a":0,"k":[0.478431372549,0.854901960784,0.352941176471,1],"ix":4},"o":{"a":0,"k":100,"ix":5},"r":1,"bm":0,"nm":"Fill 1","mn":"ADBE Vector Graphic - Fill","hd":false},{"ty":"tr","p":{"a":0,"k":[0,0],"ix":2},"a":{"a":0,"k":[0,0],"ix":1},"s":{"a":0,"k":[100,100],"ix":3},"r":{"a":0,"k":0,"ix":6},"o":{"a":0,"k":100,"ix":7},"sk":{"a":0,"k":0,"ix":4},"sa":{"a":0,"k":0,"ix":5},"nm":"Transform"}],"nm":"T","np":3,"cix":2,"bm":0,"ix":6,"mn":"ADBE Vector Group","hd":false}],"ip":0,"op":20.9999981823865,"st":4.99999956723488,"bm":0},{"ddd":0,"ind":3,"ty":4,"nm":"CIRCLE SOCKET","td":1,"sr":1,"ks":{"o":{"a":0,"k":100,"ix":11},"r":{"a":0,"k":0,"ix":10},"p":{"a":0,"k":[365,50,0],"ix":2},"a":{"a":0,"k":[-2.5,-109.5,0],"ix":1},"s":{"a":0,"k":[100,100,100],"ix":6}},"ao":0,"shapes":[{"ty":"gr","it":[{"ty":"rc","d":1,"s":{"a":0,"k":[720,100],"ix":2},"p":{"a":0,"k":[0,0],"ix":3},"r":{"a":0,"k":20,"ix":4},"nm":"Rectangle Path 1","mn":"ADBE Vector Shape - Rect","hd":false},{"ty":"fl","c":{"a":0,"k":[0.298039215686,0.819607902976,0.215686289469,1],"ix":4},"o":{"a":0,"k":100,"ix":5},"r":1,"bm":0,"nm":"Fill 1","mn":"ADBE Vector Graphic - Fill","hd":false},{"ty":"tr","p":{"a":0,"k":[-2.5,-109.5],"ix":2},"a":{"a":0,"k":[0,0],"ix":1},"s":{"a":0,"k":[100,100],"ix":3},"r":{"a":0,"k":0,"ix":6},"o":{"a":0,"k":100,"ix":7},"sk":{"a":0,"k":0,"ix":4},"sa":{"a":0,"k":0,"ix":5},"nm":"Transform"}],"nm":"Rectangle 1","np":2,"cix":2,"bm":0,"ix":1,"mn":"ADBE Vector Group","hd":false}],"ip":4.99999956723488,"op":22.9999980092804,"st":4.99999956723488,"bm":0},{"ddd":0,"ind":4,"ty":4,"nm":"CIRCLE SCALE","tt":1,"sr":1,"ks":{"o":{"a":1,"k":[{"i":{"x":[0.833],"y":[0.833]},"o":{"x":[0.167],"y":[0.167]},"t":14,"s":[100]},{"t":20.9999981823865,"s":[0]}],"ix":11},"r":{"a":0,"k":0,"ix":10},"p":{"a":0,"k":[365,50,0],"ix":2},"a":{"a":0,"k":[41.5,-48.5,0],"ix":1},"s":{"a":1,"k":[{"i":{"x":[0.12,0.12,0.12],"y":[1,1,1]},"o":{"x":[0.88,0.88,0.88],"y":[0,0,0]},"t":6,"s":[65.169,65.169,100]},{"t":15.9999986151516,"s":[498.876,498.876,100]}],"ix":6}},"ao":0,"shapes":[{"ty":"gr","it":[{"d":1,"ty":"el","s":{"a":0,"k":[89,89],"ix":2},"p":{"a":0,"k":[0,0],"ix":3},"nm":"Ellipse Path 1","mn":"ADBE Vector Shape - Ellipse","hd":false},{"ty":"fl","c":{"a":0,"k":[0.180392156863,0.490196078431,0.196078431373,1],"ix":4},"o":{"a":0,"k":100,"ix":5},"r":1,"bm":0,"nm":"Fill 1","mn":"ADBE Vector Graphic - Fill","hd":false},{"ty":"tr","p":{"a":0,"k":[41.5,-48.5],"ix":2},"a":{"a":0,"k":[0,0],"ix":1},"s":{"a":0,"k":[197,197],"ix":3},"r":{"a":0,"k":0,"ix":6},"o":{"a":0,"k":100,"ix":7},"sk":{"a":0,"k":0,"ix":4},"sa":{"a":0,"k":0,"ix":5},"nm":"Transform"}],"nm":"Ellipse 1","np":3,"cix":2,"bm":0,"ix":1,"mn":"ADBE Vector Group","hd":false}],"ip":5.99999948068185,"op":22.9999980092804,"st":5.99999948068185,"bm":0},{"ddd":0,"ind":5,"ty":4,"nm":"LOADING SOCKET","td":1,"sr":1,"ks":{"o":{"a":0,"k":100,"ix":11},"r":{"a":0,"k":0,"ix":10},"p":{"a":0,"k":[365,50,0],"ix":2},"a":{"a":0,"k":[-2.5,-109.5,0],"ix":1},"s":{"a":0,"k":[100,100,100],"ix":6}},"ao":0,"shapes":[{"ty":"gr","it":[{"ty":"rc","d":1,"s":{"a":0,"k":[720,100],"ix":2},"p":{"a":0,"k":[0,0],"ix":3},"r":{"a":0,"k":20,"ix":4},"nm":"Rectangle Path 1","mn":"ADBE Vector Shape - Rect","hd":false},{"ty":"fl","c":{"a":0,"k":[0.298039215686,0.819607902976,0.215686289469,1],"ix":4},"o":{"a":0,"k":100,"ix":5},"r":1,"bm":0,"nm":"Fill 1","mn":"ADBE Vector Graphic - Fill","hd":false},{"ty":"tr","p":{"a":0,"k":[-2.5,-109.5],"ix":2},"a":{"a":0,"k":[0,0],"ix":1},"s":{"a":0,"k":[100,100],"ix":3},"r":{"a":0,"k":0,"ix":6},"o":{"a":0,"k":100,"ix":7},"sk":{"a":0,"k":0,"ix":4},"sa":{"a":0,"k":0,"ix":5},"nm":"Transform"}],"nm":"Rectangle 1","np":2,"cix":2,"bm":0,"ix":1,"mn":"ADBE Vector Group","hd":false}],"ip":23.9999979227274,"op":101.999991171592,"st":4.99999956723488,"bm":0},{"ddd":0,"ind":6,"ty":4,"nm":"LOADING ","tt":1,"sr":1,"ks":{"o":{"a":1,"k":[{"i":{"x":[0.833],"y":[0.833]},"o":{"x":[0.167],"y":[0.167]},"t":60,"s":[100]},{"t":62.9999945471595,"s":[0]}],"ix":11},"r":{"a":0,"k":0,"ix":10},"p":{"a":0,"k":[3.036,50,0],"ix":2},"a":{"a":0,"k":[-366.112,-109.5,0],"ix":1},"s":{"a":1,"k":[{"i":{"x":[0.58,0.58,0.58],"y":[1,1,1]},"o":{"x":[0.42,0.42,0.42],"y":[0,0,0]},"t":24,"s":[0,100,100]},{"i":{"x":[0.3,0.3,0.3],"y":[1,1,1]},"o":{"x":[0.42,0.42,0.42],"y":[0,0,0]},"t":39,"s":[34.572,100,100]},{"i":{"x":[0.3,0.3,0.3],"y":[1,1,1]},"o":{"x":[0.7,0.7,0.7],"y":[0,0,0]},"t":51.505,"s":[60.959,100,100]},{"t":62.9999945471595,"s":[100,100,100]}],"ix":6}},"ao":0,"shapes":[{"ty":"gr","it":[{"ty":"rc","d":1,"s":{"a":0,"k":[720,100],"ix":2},"p":{"a":0,"k":[0,0],"ix":3},"r":{"a":0,"k":20,"ix":4},"nm":"Rectangle Path 1","mn":"ADBE Vector Shape - Rect","hd":false},{"ty":"fl","c":{"a":0,"k":[0.180392161012,0.490196079016,0.196078434587,1],"ix":4},"o":{"a":0,"k":100,"ix":5},"r":1,"bm":0,"nm":"Fill 1","mn":"ADBE Vector Graphic - Fill","hd":false},{"ty":"tr","p":{"a":0,"k":[-2.5,-109.5],"ix":2},"a":{"a":0,"k":[0,0],"ix":1},"s":{"a":0,"k":[100,100],"ix":3},"r":{"a":0,"k":0,"ix":6},"o":{"a":0,"k":100,"ix":7},"sk":{"a":0,"k":0,"ix":4},"sa":{"a":0,"k":0,"ix":5},"nm":"Transform"}],"nm":"Rectangle 1","np":2,"cix":2,"bm":0,"ix":1,"mn":"ADBE Vector Group","hd":false}],"ip":23.9999979227274,"op":101.999991171592,"st":4.99999956723488,"bm":0},{"ddd":0,"ind":7,"ty":4,"nm":"SQUARE BUTTON","sr":1,"ks":{"o":{"a":0,"k":100,"ix":11},"r":{"a":0,"k":0,"ix":10},"p":{"a":0,"k":[365,50,0],"ix":2},"a":{"a":0,"k":[-2.5,-109.5,0],"ix":1},"s":{"a":0,"k":[100,100,100],"ix":6}},"ao":0,"shapes":[{"ty":"gr","it":[{"ty":"rc","d":1,"s":{"a":1,"k":[{"i":{"x":[0.15,0.15],"y":[1,1]},"o":{"x":[0.85,0.85],"y":[0,0]},"t":58,"s":[736,100]},{"t":77.9999932488641,"s":[100,100]}],"ix":2},"p":{"a":0,"k":[0,0],"ix":3},"r":{"a":1,"k":[{"i":{"x":[0.833],"y":[1]},"o":{"x":[0.167],"y":[0]},"t":6,"s":[20]},{"i":{"x":[0.15],"y":[1]},"o":{"x":[0.85],"y":[0]},"t":65,"s":[8]},{"t":77.9999932488641,"s":[438]}],"ix":4},"nm":"Rectangle Path 1","mn":"ADBE Vector Shape - Rect","hd":false},{"ty":"fl","c":{"a":0,"k":[0.152941176471,0.196078431373,0.219607843137,1],"ix":4},"o":{"a":0,"k":100,"ix":5},"r":1,"bm":0,"nm":"Fill 1","mn":"ADBE Vector Graphic - Fill","hd":false},{"ty":"tr","p":{"a":0,"k":[-0.5,-109.5],"ix":2},"a":{"a":0,"k":[0,0],"ix":1},"s":{"a":0,"k":[100,100],"ix":3},"r":{"a":0,"k":0,"ix":6},"o":{"a":0,"k":100,"ix":7},"sk":{"a":0,"k":0,"ix":4},"sa":{"a":0,"k":0,"ix":5},"nm":"Transform"}],"nm":"Rectangle 1","np":2,"cix":2,"bm":0,"ix":1,"mn":"ADBE Vector Group","hd":false}],"ip":0,"op":96.9999916043566,"st":0,"bm":0}],"markers":[]}