{"v":"5.6.2","fr":60,"ip":60,"op":141,"w":1080,"h":1080,"nm":"_Master Comp","ddd":0,"assets":[{"id":"comp_0","layers":[{"ddd":0,"ind":1,"ty":4,"nm":"mid fin 01","parent":13,"sr":1,"ks":{"o":{"a":0,"k":100,"ix":11},"r":{"a":1,"k":[{"i":{"x":[0.55],"y":[1]},"o":{"x":[0.45],"y":[0]},"t":12,"s":[2]},{"i":{"x":[0.55],"y":[1]},"o":{"x":[0.45],"y":[0]},"t":52,"s":[0]},{"i":{"x":[0.55],"y":[1]},"o":{"x":[0.45],"y":[0]},"t":93,"s":[2]},{"i":{"x":[0.55],"y":[1]},"o":{"x":[0.45],"y":[0]},"t":133,"s":[0]},{"t":174,"s":[2]}],"ix":10},"p":{"a":0,"k":[72.594,78.365,0],"ix":2},"a":{"a":0,"k":[72.594,78.365,0],"ix":1},"s":{"a":0,"k":[100,100,100],"ix":6}},"ao":0,"shapes":[{"ty":"gr","it":[{"ind":0,"ty":"sh","ix":1,"ks":{"a":0,"k":{"i":[[-10.916,-0.799],[0,0],[1.177,-10.881],[0,0],[8.8,0.644],[0,0],[-0.338,8.817],[0,0]],"o":[[0,0],[10.916,0.799],[0,0],[-0.949,8.772],[0,0],[-8.8,-0.644],[0,0],[0.419,-10.937]],"v":[[73.887,59.668],[73.887,59.668],[91.704,81.037],[82.531,165.819],[65.053,180.391],[65.053,180.391],[49.883,163.43],[53.149,78.216]],"c":true},"ix":2},"nm":"Path 1","mn":"ADBE Vector Shape - Group","hd":false},{"ty":"tm","s":{"a":0,"k":11.7,"ix":1},"e":{"a":0,"k":80,"ix":2},"o":{"a":0,"k":0,"ix":3},"m":1,"ix":2,"nm":"Trim Paths 1","mn":"ADBE Vector Filter - Trim","hd":false},{"ty":"st","c":{"a":0,"k":[0.376470588235,0.203921568627,0.207843137255,1],"ix":3},"o":{"a":0,"k":100,"ix":4},"w":{"a":0,"k":3,"ix":5},"lc":1,"lj":1,"ml":10,"bm":0,"nm":"Stroke 1","mn":"ADBE Vector Graphic - Stroke","hd":false},{"ty":"tr","p":{"a":0,"k":[0,0],"ix":2},"a":{"a":0,"k":[0,0],"ix":1},"s":{"a":0,"k":[100,100],"ix":3},"r":{"a":0,"k":0,"ix":6},"o":{"a":0,"k":100,"ix":7},"sk":{"a":0,"k":0,"ix":4},"sa":{"a":0,"k":0,"ix":5},"nm":"Transform"}],"nm":"Group 1","np":3,"cix":2,"bm":0,"ix":1,"mn":"ADBE Vector Group","hd":false},{"ty":"gr","it":[{"ind":0,"ty":"sh","ix":1,"ks":{"a":0,"k":{"i":[[-0.682,8.289],[-5.674,-0.467],[0.682,-8.289],[10.695,0.88]],"o":[[0.682,-8.289],[5.674,0.467],[-0.682,8.289],[-10.695,-0.88]],"v":[[58.722,156.45],[69.884,146.497],[79.269,158.14],[67.761,172.304]],"c":true},"ix":2},"nm":"Path 1","mn":"ADBE Vector Shape - Group","hd":false},{"ty":"fl","c":{"a":0,"k":[0.5725490196078431,0.38823529411764707,0.30980392156862746,1],"ix":4},"o":{"a":0,"k":100,"ix":5},"r":1,"bm":0,"nm":"Fill 1","mn":"ADBE Vector Graphic - Fill","hd":false},{"ty":"tr","p":{"a":0,"k":[0,0],"ix":2},"a":{"a":0,"k":[0,0],"ix":1},"s":{"a":0,"k":[100,100],"ix":3},"r":{"a":0,"k":0,"ix":6},"o":{"a":0,"k":100,"ix":7},"sk":{"a":0,"k":0,"ix":4},"sa":{"a":0,"k":0,"ix":5},"nm":"Transform"}],"nm":"Group 2","np":2,"cix":2,"bm":0,"ix":2,"mn":"ADBE Vector Group","hd":false},{"ty":"gr","it":[{"ind":0,"ty":"sh","ix":1,"ks":{"a":0,"k":{"i":[[8.8,0.644],[0,0],[-0.338,8.817],[0,0],[-10.916,-0.799],[0,0],[1.177,-10.881],[0,0]],"o":[[0,0],[-8.8,-0.644],[0,0],[0.419,-10.937],[0,0],[10.916,0.799],[0,0],[-0.949,8.772]],"v":[[65.053,180.391],[65.053,180.391],[49.883,163.43],[53.149,78.216],[73.887,59.668],[73.887,59.668],[91.704,81.037],[82.531,165.819]],"c":true},"ix":2},"nm":"Path 1","mn":"ADBE Vector Shape - Group","hd":false},{"ty":"fl","c":{"a":0,"k":[0.498039215686,0.301960784314,0.254901960784,1],"ix":4},"o":{"a":0,"k":100,"ix":5},"r":1,"bm":0,"nm":"Fill 1","mn":"ADBE Vector Graphic - Fill","hd":false},{"ty":"tr","p":{"a":0,"k":[0,0],"ix":2},"a":{"a":0,"k":[0,0],"ix":1},"s":{"a":0,"k":[100,100],"ix":3},"r":{"a":0,"k":0,"ix":6},"o":{"a":0,"k":100,"ix":7},"sk":{"a":0,"k":0,"ix":4},"sa":{"a":0,"k":0,"ix":5},"nm":"Transform"}],"nm":"Group 3","np":2,"cix":2,"bm":0,"ix":3,"mn":"ADBE Vector Group","hd":false}],"ip":0,"op":1800,"st":0,"bm":0},{"ddd":0,"ind":2,"ty":4,"nm":"ring fin 01","parent":14,"sr":1,"ks":{"o":{"a":0,"k":100,"ix":11},"r":{"a":1,"k":[{"i":{"x":[0.55],"y":[1]},"o":{"x":[0.45],"y":[0]},"t":8,"s":[2]},{"i":{"x":[0.55],"y":[1]},"o":{"x":[0.45],"y":[0]},"t":48,"s":[0]},{"i":{"x":[0.55],"y":[1]},"o":{"x":[0.45],"y":[0]},"t":89,"s":[2]},{"i":{"x":[0.55],"y":[1]},"o":{"x":[0.45],"y":[0]},"t":129,"s":[0]},{"t":170,"s":[2]}],"ix":10},"p":{"a":0,"k":[107.648,94.993,0],"ix":2},"a":{"a":0,"k":[107.648,94.993,0],"ix":1},"s":{"a":0,"k":[100,100,100],"ix":6}},"ao":0,"shapes":[{"ty":"gr","it":[{"ind":0,"ty":"sh","ix":1,"ks":{"a":0,"k":{"i":[[-9.955,-1.175],[0,0],[1.373,-9.93],[0,0],[8.824,1.041],[0,0],[-0.866,8.843],[0,0]],"o":[[0,0],[9.955,1.175],[0,0],[-1.217,8.802],[0,0],[-8.824,-1.041],[0,0],[0.977,-9.976]],"v":[[109.109,78.368],[109.109,78.368],[124.741,98.594],[113.866,177.263],[95.79,191.233],[95.79,191.233],[81.462,173.439],[89.199,94.399]],"c":true},"ix":2},"nm":"Path 1","mn":"ADBE Vector Shape - Group","hd":false},{"ty":"tm","s":{"a":0,"k":15.9,"ix":1},"e":{"a":0,"k":85,"ix":2},"o":{"a":0,"k":0,"ix":3},"m":1,"ix":2,"nm":"Trim Paths 1","mn":"ADBE Vector Filter - Trim","hd":false},{"ty":"st","c":{"a":0,"k":[0.376470618154,0.203921583587,0.207843152214,1],"ix":3},"o":{"a":0,"k":100,"ix":4},"w":{"a":0,"k":3,"ix":5},"lc":1,"lj":1,"ml":10,"bm":0,"nm":"Stroke 1","mn":"ADBE Vector Graphic - Stroke","hd":false},{"ty":"tr","p":{"a":0,"k":[0,0],"ix":2},"a":{"a":0,"k":[0,0],"ix":1},"s":{"a":0,"k":[100,100],"ix":3},"r":{"a":0,"k":0,"ix":6},"o":{"a":0,"k":100,"ix":7},"sk":{"a":0,"k":0,"ix":4},"sa":{"a":0,"k":0,"ix":5},"nm":"Transform"}],"nm":"Group 1","np":3,"cix":2,"bm":0,"ix":1,"mn":"ADBE Vector Group","hd":false},{"ty":"gr","it":[{"ind":0,"ty":"sh","ix":1,"ks":{"a":0,"k":{"i":[[-1.072,7.881],[-5.395,-0.734],[1.072,-7.881],[10.168,1.383]],"o":[[1.072,-7.881],[5.395,0.734],[-1.072,7.881],[-10.168,-1.383]],"v":[[91.547,167.073],[102.711,158.136],[111.082,169.731],[99.374,182.671]],"c":true},"ix":2},"nm":"Path 1","mn":"ADBE Vector Shape - Group","hd":false},{"ty":"fl","c":{"a":0,"k":[0.576470588235,0.392156892664,0.313725490196,1],"ix":4},"o":{"a":0,"k":100,"ix":5},"r":1,"bm":0,"nm":"Fill 1","mn":"ADBE Vector Graphic - Fill","hd":false},{"ty":"tr","p":{"a":0,"k":[0,0],"ix":2},"a":{"a":0,"k":[0,0],"ix":1},"s":{"a":0,"k":[100,100],"ix":3},"r":{"a":0,"k":0,"ix":6},"o":{"a":0,"k":100,"ix":7},"sk":{"a":0,"k":0,"ix":4},"sa":{"a":0,"k":0,"ix":5},"nm":"Transform"}],"nm":"Group 2","np":2,"cix":2,"bm":0,"ix":2,"mn":"ADBE Vector Group","hd":false},{"ty":"gr","it":[{"ind":0,"ty":"sh","ix":1,"ks":{"a":0,"k":{"i":[[8.824,1.041],[0,0],[-0.866,8.843],[0,0],[-9.955,-1.175],[0,0],[1.373,-9.93],[0,0]],"o":[[0,0],[-8.824,-1.041],[0,0],[0.977,-9.976],[0,0],[9.955,1.175],[0,0],[-1.217,8.802]],"v":[[95.79,191.233],[95.79,191.233],[81.462,173.439],[89.199,94.399],[109.109,78.368],[109.109,78.368],[124.741,98.594],[113.866,177.263]],"c":true},"ix":2},"nm":"Path 1","mn":"ADBE Vector Shape - Group","hd":false},{"ty":"fl","c":{"a":0,"k":[0.498039245605,0.301960784314,0.254901960784,1],"ix":4},"o":{"a":0,"k":100,"ix":5},"r":1,"bm":0,"nm":"Fill 1","mn":"ADBE Vector Graphic - Fill","hd":false},{"ty":"tr","p":{"a":0,"k":[0,0],"ix":2},"a":{"a":0,"k":[0,0],"ix":1},"s":{"a":0,"k":[100,100],"ix":3},"r":{"a":0,"k":0,"ix":6},"o":{"a":0,"k":100,"ix":7},"sk":{"a":0,"k":0,"ix":4},"sa":{"a":0,"k":0,"ix":5},"nm":"Transform"}],"nm":"Group 3","np":2,"cix":2,"bm":0,"ix":3,"mn":"ADBE Vector Group","hd":false}],"ip":0,"op":1800,"st":0,"bm":0},{"ddd":0,"ind":3,"ty":4,"nm":"lit fin 01","parent":15,"sr":1,"ks":{"o":{"a":0,"k":100,"ix":11},"r":{"a":1,"k":[{"i":{"x":[0.55],"y":[1]},"o":{"x":[0.45],"y":[0]},"t":4,"s":[2]},{"i":{"x":[0.55],"y":[1]},"o":{"x":[0.45],"y":[0]},"t":44,"s":[0]},{"i":{"x":[0.55],"y":[1]},"o":{"x":[0.45],"y":[0]},"t":85,"s":[2]},{"i":{"x":[0.55],"y":[1]},"o":{"x":[0.45],"y":[0]},"t":125,"s":[0]},{"t":166,"s":[2]}],"ix":10},"p":{"a":0,"k":[135.884,123.583,0],"ix":2},"a":{"a":0,"k":[135.884,123.583,0],"ix":1},"s":{"a":0,"k":[100,100,100],"ix":6}},"ao":0,"shapes":[{"ty":"gr","it":[{"ind":0,"ty":"sh","ix":1,"ks":{"a":0,"k":{"i":[[-8.62,-1.201],[0,0],[1.372,-8.595],[0,0],[7.69,1.072],[0,0],[-0.919,7.709],[0,0]],"o":[[0,0],[8.62,1.201],[0,0],[-1.224,7.667],[0,0],[-7.69,-1.072],[0,0],[1.03,-8.643]],"v":[[137.721,109.234],[137.721,109.234],[150.922,127.076],[140.738,190.873],[124.69,202.746],[124.69,202.746],[112.5,186.938],[120.144,122.788]],"c":true},"ix":2},"nm":"Path 1","mn":"ADBE Vector Shape - Group","hd":false},{"ty":"tm","s":{"a":0,"k":47,"ix":1},"e":{"a":0,"k":90,"ix":2},"o":{"a":0,"k":0,"ix":3},"m":1,"ix":2,"nm":"Trim Paths 1","mn":"ADBE Vector Filter - Trim","hd":false},{"ty":"st","c":{"a":0,"k":[0.376470618154,0.203921583587,0.207843152214,1],"ix":3},"o":{"a":0,"k":100,"ix":4},"w":{"a":0,"k":3,"ix":5},"lc":1,"lj":1,"ml":10,"bm":0,"nm":"Stroke 1","mn":"ADBE Vector Graphic - Stroke","hd":false},{"ty":"tr","p":{"a":0,"k":[0,0],"ix":2},"a":{"a":0,"k":[0,0],"ix":1},"s":{"a":0,"k":[100,100],"ix":3},"r":{"a":0,"k":0,"ix":6},"o":{"a":0,"k":100,"ix":7},"sk":{"a":0,"k":0,"ix":4},"sa":{"a":0,"k":0,"ix":5},"nm":"Transform"}],"nm":"Group 1","np":3,"cix":2,"bm":0,"ix":1,"mn":"ADBE Vector Group","hd":false},{"ty":"gr","it":[{"ind":0,"ty":"sh","ix":1,"ks":{"a":0,"k":{"i":[[-1.162,6.728],[-4.605,-0.796],[1.162,-6.728],[8.681,1.499]],"o":[[1.162,-6.728],[4.605,0.796],[-1.162,6.728],[-8.681,-1.499]],"v":[[123.319,180.268],[133.172,172.944],[139.996,183.148],[129.553,193.89]],"c":true},"ix":2},"nm":"Path 1","mn":"ADBE Vector Shape - Group","hd":false},{"ty":"fl","c":{"a":0,"k":[0.576470588235,0.392156892664,0.313725490196,1],"ix":4},"o":{"a":0,"k":100,"ix":5},"r":1,"bm":0,"nm":"Fill 1","mn":"ADBE Vector Graphic - Fill","hd":false},{"ty":"tr","p":{"a":0,"k":[0,0],"ix":2},"a":{"a":0,"k":[0,0],"ix":1},"s":{"a":0,"k":[100,100],"ix":3},"r":{"a":0,"k":0,"ix":6},"o":{"a":0,"k":100,"ix":7},"sk":{"a":0,"k":0,"ix":4},"sa":{"a":0,"k":0,"ix":5},"nm":"Transform"}],"nm":"Group 2","np":2,"cix":2,"bm":0,"ix":2,"mn":"ADBE Vector Group","hd":false},{"ty":"gr","it":[{"ind":0,"ty":"sh","ix":1,"ks":{"a":0,"k":{"i":[[7.69,1.072],[0,0],[-0.919,7.709],[0,0],[-8.62,-1.201],[0,0],[1.372,-8.595],[0,0]],"o":[[0,0],[-7.69,-1.072],[0,0],[1.03,-8.643],[0,0],[8.62,1.201],[0,0],[-1.224,7.667]],"v":[[124.69,202.746],[124.69,202.746],[112.5,186.938],[120.144,122.788],[137.721,109.234],[137.721,109.234],[150.922,127.076],[140.738,190.873]],"c":true},"ix":2},"nm":"Path 1","mn":"ADBE Vector Shape - Group","hd":false},{"ty":"fl","c":{"a":0,"k":[0.498039245605,0.301960784314,0.254901960784,1],"ix":4},"o":{"a":0,"k":100,"ix":5},"r":1,"bm":0,"nm":"Fill 1","mn":"ADBE Vector Graphic - Fill","hd":false},{"ty":"tr","p":{"a":0,"k":[0,0],"ix":2},"a":{"a":0,"k":[0,0],"ix":1},"s":{"a":0,"k":[100,100],"ix":3},"r":{"a":0,"k":0,"ix":6},"o":{"a":0,"k":100,"ix":7},"sk":{"a":0,"k":0,"ix":4},"sa":{"a":0,"k":0,"ix":5},"nm":"Transform"}],"nm":"Group 3","np":2,"cix":2,"bm":0,"ix":3,"mn":"ADBE Vector Group","hd":false}],"ip":0,"op":1800,"st":0,"bm":0},{"ddd":0,"ind":4,"ty":4,"nm":"thumb matte","parent":7,"td":1,"sr":1,"ks":{"o":{"a":0,"k":100,"ix":11},"r":{"a":1,"k":[{"i":{"x":[0.55],"y":[1]},"o":{"x":[0.45],"y":[0]},"t":4,"s":[3]},{"i":{"x":[0.55],"y":[1]},"o":{"x":[0.45],"y":[0]},"t":44,"s":[0]},{"i":{"x":[0.55],"y":[1]},"o":{"x":[0.45],"y":[0]},"t":85,"s":[3]},{"i":{"x":[0.55],"y":[1]},"o":{"x":[0.45],"y":[0]},"t":125,"s":[0]},{"t":166,"s":[3]}],"ix":10},"p":{"a":0,"k":[-12,208,0],"ix":2},"a":{"a":0,"k":[-12,208,0],"ix":1},"s":{"a":0,"k":[100,100,100],"ix":6}},"ao":0,"shapes":[{"ty":"gr","it":[{"ind":0,"ty":"sh","ix":1,"ks":{"a":0,"k":{"i":[[-14.64,4.8],[1.92,7.2],[17.967,25.712],[11.61,3.27],[4.502,-5.521],[-4.62,-6.9],[-11.28,-20.16],[-2.64,-6.96]],"o":[[15.081,-4.945],[-1.92,-7.2],[-20.88,-29.88],[-8.958,-2.523],[-3.506,4.299],[4.076,6.088],[11.28,20.16],[2.64,6.96]],"v":[[-2.92,233.48],[11.24,206.36],[-16.12,147.32],[-65.89,103.13],[-88.394,108.011],[-87.64,125.96],[-51.88,170.12],[-30.28,221.96]],"c":true},"ix":2},"nm":"Path 1","mn":"ADBE Vector Shape - Group","hd":false},{"ty":"fl","c":{"a":0,"k":[0.498039245605,0.301960784314,0.254901960784,1],"ix":4},"o":{"a":0,"k":100,"ix":5},"r":1,"bm":0,"nm":"Fill 1","mn":"ADBE Vector Graphic - Fill","hd":false},{"ty":"tr","p":{"a":0,"k":[0,0],"ix":2},"a":{"a":0,"k":[0,0],"ix":1},"s":{"a":0,"k":[100,100],"ix":3},"r":{"a":0,"k":0,"ix":6},"o":{"a":0,"k":100,"ix":7},"sk":{"a":0,"k":0,"ix":4},"sa":{"a":0,"k":0,"ix":5},"nm":"Transform"}],"nm":"Group 1","np":2,"cix":2,"bm":0,"ix":1,"mn":"ADBE Vector Group","hd":false}],"ip":0,"op":1800,"st":0,"bm":0},{"ddd":0,"ind":5,"ty":4,"nm":"thumb nail","parent":6,"tt":1,"sr":1,"ks":{"o":{"a":0,"k":100,"ix":11},"r":{"a":0,"k":-6,"ix":10},"p":{"a":0,"k":[-81.744,130.41,0],"ix":2},"a":{"a":0,"k":[-81.744,130.41,0],"ix":1},"s":{"a":0,"k":[100,100,100],"ix":6}},"ao":0,"shapes":[{"ty":"gr","it":[{"ind":0,"ty":"sh","ix":1,"ks":{"a":0,"k":{"i":[[-4.415,-7.048],[4.825,-3.022],[4.415,7.048],[-9.094,5.696]],"o":[[4.415,7.048],[-4.825,3.022],[-4.415,-7.048],[9.094,-5.696]],"v":[[-71.762,126.852],[-74.747,141.506],[-89.234,137.796],[-88.492,119.562]],"c":true},"ix":2},"nm":"Path 1","mn":"ADBE Vector Shape - Group","hd":false},{"ty":"fl","c":{"a":0,"k":[0.576470588235,0.392156862745,0.313725490196,1],"ix":4},"o":{"a":0,"k":100,"ix":5},"r":1,"bm":0,"nm":"Fill 1","mn":"ADBE Vector Graphic - Fill","hd":false},{"ty":"tr","p":{"a":0,"k":[0,0],"ix":2},"a":{"a":0,"k":[0,0],"ix":1},"s":{"a":0,"k":[100,100],"ix":3},"r":{"a":0,"k":0,"ix":6},"o":{"a":0,"k":100,"ix":7},"sk":{"a":0,"k":0,"ix":4},"sa":{"a":0,"k":0,"ix":5},"nm":"Transform"}],"nm":"Group 1","np":2,"cix":2,"bm":0,"ix":1,"mn":"ADBE Vector Group","hd":false}],"ip":0,"op":1800,"st":0,"bm":0},{"ddd":0,"ind":6,"ty":4,"nm":"thumb 01","parent":7,"sr":1,"ks":{"o":{"a":0,"k":100,"ix":11},"r":{"a":1,"k":[{"i":{"x":[0.55],"y":[1]},"o":{"x":[0.45],"y":[0]},"t":4,"s":[3]},{"i":{"x":[0.55],"y":[1]},"o":{"x":[0.45],"y":[0]},"t":44,"s":[0]},{"i":{"x":[0.55],"y":[1]},"o":{"x":[0.45],"y":[0]},"t":85,"s":[3]},{"i":{"x":[0.55],"y":[1]},"o":{"x":[0.45],"y":[0]},"t":125,"s":[0]},{"t":166,"s":[3]}],"ix":10},"p":{"a":0,"k":[-12,208,0],"ix":2},"a":{"a":0,"k":[-12,208,0],"ix":1},"s":{"a":0,"k":[100,100,100],"ix":6}},"ao":0,"shapes":[{"ty":"gr","it":[{"ind":0,"ty":"sh","ix":1,"ks":{"a":0,"k":{"i":[[-14.64,4.8],[1.92,7.2],[17.967,25.712],[11.61,3.27],[4.502,-5.521],[-4.62,-6.9],[-11.28,-20.16],[-2.64,-6.96]],"o":[[15.081,-4.945],[-1.92,-7.2],[-20.88,-29.88],[-8.958,-2.523],[-3.506,4.299],[4.076,6.088],[11.28,20.16],[2.64,6.96]],"v":[[-2.92,233.48],[11.24,206.36],[-16.12,147.32],[-65.89,103.13],[-88.394,108.011],[-87.64,125.96],[-51.88,170.12],[-30.28,221.96]],"c":true},"ix":2},"nm":"Path 1","mn":"ADBE Vector Shape - Group","hd":false},{"ty":"fl","c":{"a":0,"k":[0.498039245605,0.301960784314,0.254901960784,1],"ix":4},"o":{"a":0,"k":100,"ix":5},"r":1,"bm":0,"nm":"Fill 1","mn":"ADBE Vector Graphic - Fill","hd":false},{"ty":"tr","p":{"a":0,"k":[0,0],"ix":2},"a":{"a":0,"k":[0,0],"ix":1},"s":{"a":0,"k":[100,100],"ix":3},"r":{"a":0,"k":0,"ix":6},"o":{"a":0,"k":100,"ix":7},"sk":{"a":0,"k":0,"ix":4},"sa":{"a":0,"k":0,"ix":5},"nm":"Transform"}],"nm":"Group 1","np":2,"cix":2,"bm":0,"ix":1,"mn":"ADBE Vector Group","hd":false}],"ip":0,"op":1800,"st":0,"bm":0},{"ddd":0,"ind":7,"ty":4,"nm":"thumb 02","parent":11,"sr":1,"ks":{"o":{"a":0,"k":100,"ix":11},"r":{"a":1,"k":[{"i":{"x":[0.55],"y":[1]},"o":{"x":[0.45],"y":[0]},"t":4,"s":[2]},{"i":{"x":[0.55],"y":[1]},"o":{"x":[0.45],"y":[0]},"t":44,"s":[0]},{"i":{"x":[0.55],"y":[1]},"o":{"x":[0.45],"y":[0]},"t":85,"s":[2]},{"i":{"x":[0.55],"y":[1]},"o":{"x":[0.45],"y":[0]},"t":125,"s":[0]},{"t":166,"s":[2]}],"ix":10},"p":{"a":0,"k":[21.675,223.278,0],"ix":2},"a":{"a":0,"k":[21.675,223.278,0],"ix":1},"s":{"a":0,"k":[100,100,100],"ix":6}},"ao":0,"shapes":[{"ty":"gr","it":[{"ind":0,"ty":"sh","ix":1,"ks":{"a":0,"k":{"i":[[0,0],[-21.389,-26.295]],"o":[[17.685,-14.385],[0,0]],"v":[[-29.052,162.885],[41.697,184.451]],"c":false},"ix":2},"nm":"Path 1","mn":"ADBE Vector Shape - Group","hd":false},{"ty":"st","c":{"a":0,"k":[0.376470618154,0.203921583587,0.207843152214,1],"ix":3},"o":{"a":0,"k":100,"ix":4},"w":{"a":0,"k":3,"ix":5},"lc":1,"lj":1,"ml":10,"bm":0,"nm":"Stroke 1","mn":"ADBE Vector Graphic - Stroke","hd":false},{"ty":"tr","p":{"a":0,"k":[0,0],"ix":2},"a":{"a":0,"k":[0,0],"ix":1},"s":{"a":0,"k":[100,100],"ix":3},"r":{"a":0,"k":0,"ix":6},"o":{"a":0,"k":100,"ix":7},"sk":{"a":0,"k":0,"ix":4},"sa":{"a":0,"k":0,"ix":5},"nm":"Transform"}],"nm":"Group 1","np":2,"cix":2,"bm":0,"ix":1,"mn":"ADBE Vector Group","hd":false},{"ty":"gr","it":[{"ind":0,"ty":"sh","ix":1,"ks":{"a":0,"k":{"i":[[-21.389,-26.295],[17.685,-14.385],[21.389,26.295],[-17.685,14.385]],"o":[[21.389,26.295],[-17.685,14.385],[-21.389,-26.295],[17.685,-14.385]],"v":[[41.697,184.451],[48.403,258.109],[-22.346,236.544],[-29.052,162.885]],"c":true},"ix":2},"nm":"Path 1","mn":"ADBE Vector Shape - Group","hd":false},{"ty":"fl","c":{"a":0,"k":[0.498039245605,0.301960784314,0.254901960784,1],"ix":4},"o":{"a":0,"k":100,"ix":5},"r":1,"bm":0,"nm":"Fill 1","mn":"ADBE Vector Graphic - Fill","hd":false},{"ty":"tr","p":{"a":0,"k":[0,0],"ix":2},"a":{"a":0,"k":[0,0],"ix":1},"s":{"a":0,"k":[100,100],"ix":3},"r":{"a":0,"k":0,"ix":6},"o":{"a":0,"k":100,"ix":7},"sk":{"a":0,"k":0,"ix":4},"sa":{"a":0,"k":0,"ix":5},"nm":"Transform"}],"nm":"Group 2","np":2,"cix":2,"bm":0,"ix":2,"mn":"ADBE Vector Group","hd":false}],"ip":0,"op":1800,"st":0,"bm":0},{"ddd":0,"ind":8,"ty":4,"nm":"palm 2 matte","parent":16,"td":1,"sr":1,"ks":{"o":{"a":0,"k":100,"ix":11},"r":{"a":1,"k":[{"i":{"x":[0.6],"y":[1]},"o":{"x":[0.4],"y":[0]},"t":-11,"s":[2]},{"i":{"x":[0.6],"y":[1]},"o":{"x":[0.4],"y":[0]},"t":29,"s":[-2]},{"i":{"x":[0.6],"y":[1]},"o":{"x":[0.4],"y":[0]},"t":70,"s":[2]},{"i":{"x":[0.6],"y":[1]},"o":{"x":[0.4],"y":[0]},"t":110,"s":[-2]},{"t":151,"s":[2]}],"ix":10},"p":{"a":0,"k":[48.902,245.534,0],"ix":2},"a":{"a":0,"k":[48.902,245.534,0],"ix":1},"s":{"a":0,"k":[100,100,100],"ix":6}},"ao":0,"shapes":[{"ty":"gr","it":[{"ind":0,"ty":"sh","ix":1,"ks":{"a":0,"k":{"i":[[0,0],[0,0]],"o":[[0,0],[0,0]],"v":[[70.12,120.716],[16.443,113.323]],"c":false},"ix":2},"nm":"Path 1","mn":"ADBE Vector Shape - Group","hd":false},{"ty":"st","c":{"a":0,"k":[0.376470618154,0.203921583587,0.207843152214,1],"ix":3},"o":{"a":0,"k":100,"ix":4},"w":{"a":0,"k":3,"ix":5},"lc":1,"lj":1,"ml":10,"bm":0,"nm":"Stroke 1","mn":"ADBE Vector Graphic - Stroke","hd":false},{"ty":"tr","p":{"a":0,"k":[0,0],"ix":2},"a":{"a":0,"k":[0,0],"ix":1},"s":{"a":0,"k":[100,100],"ix":3},"r":{"a":0,"k":0,"ix":6},"o":{"a":0,"k":100,"ix":7},"sk":{"a":0,"k":0,"ix":4},"sa":{"a":0,"k":0,"ix":5},"nm":"Transform"}],"nm":"Group 1","np":2,"cix":2,"bm":0,"ix":1,"mn":"ADBE Vector Group","hd":false},{"ty":"gr","it":[{"ind":0,"ty":"sh","ix":1,"ks":{"a":0,"k":{"i":[[28.115,8.789],[0,0],[0.487,-10.573],[0,0],[-57.556,3.35],[-4.767,3.665],[-5.277,31.222]],"o":[[0,0],[-10.102,-3.158],[0,0],[-2.653,57.592],[9.414,-0.548],[13.63,-10.477],[4.909,-29.045]],"v":[[93.147,123.276],[5.214,95.787],[-15.733,110.456],[-18.507,170.663],[83.906,272.869],[105.851,266.84],[133.585,189.327]],"c":true},"ix":2},"nm":"Path 1","mn":"ADBE Vector Shape - Group","hd":false},{"ty":"fl","c":{"a":0,"k":[0.498039245605,0.301960784314,0.254901960784,1],"ix":4},"o":{"a":0,"k":100,"ix":5},"r":1,"bm":0,"nm":"Fill 1","mn":"ADBE Vector Graphic - Fill","hd":false},{"ty":"tr","p":{"a":0,"k":[0,0],"ix":2},"a":{"a":0,"k":[0,0],"ix":1},"s":{"a":0,"k":[100,100],"ix":3},"r":{"a":0,"k":0,"ix":6},"o":{"a":0,"k":100,"ix":7},"sk":{"a":0,"k":0,"ix":4},"sa":{"a":0,"k":0,"ix":5},"nm":"Transform"}],"nm":"Group 2","np":2,"cix":2,"bm":0,"ix":2,"mn":"ADBE Vector Group","hd":false}],"ip":0,"op":1800,"st":0,"bm":0},{"ddd":0,"ind":9,"ty":4,"nm":"thumb 03","parent":7,"tt":1,"sr":1,"ks":{"o":{"a":0,"k":100,"ix":11},"r":{"a":1,"k":[{"i":{"x":[0.55],"y":[1]},"o":{"x":[0.45],"y":[0]},"t":4,"s":[3]},{"i":{"x":[0.55],"y":[1]},"o":{"x":[0.45],"y":[0]},"t":44,"s":[0]},{"i":{"x":[0.55],"y":[1]},"o":{"x":[0.45],"y":[0]},"t":85,"s":[3]},{"i":{"x":[0.55],"y":[1]},"o":{"x":[0.45],"y":[0]},"t":125,"s":[0]},{"t":166,"s":[3]}],"ix":10},"p":{"a":0,"k":[-12,208,0],"ix":2},"a":{"a":0,"k":[-12,208,0],"ix":1},"s":{"a":0,"k":[100,100,100],"ix":6}},"ao":0,"shapes":[{"ty":"gr","it":[{"ind":0,"ty":"sh","ix":1,"ks":{"a":0,"k":{"i":[[-14.64,4.8],[1.92,7.2],[17.967,25.712],[11.61,3.27],[4.502,-5.521],[-4.62,-6.9],[-11.28,-20.16],[-2.64,-6.96]],"o":[[15.081,-4.945],[-1.92,-7.2],[-20.88,-29.88],[-8.958,-2.523],[-3.506,4.299],[4.076,6.088],[11.28,20.16],[2.64,6.96]],"v":[[-2.92,233.48],[11.24,206.36],[-16.12,147.32],[-65.89,103.13],[-88.394,108.011],[-87.64,125.96],[-51.88,170.12],[-30.28,221.96]],"c":true},"ix":2},"nm":"Path 1","mn":"ADBE Vector Shape - Group","hd":false},{"ty":"tm","s":{"a":0,"k":81.4,"ix":1},"e":{"a":0,"k":94,"ix":2},"o":{"a":0,"k":144,"ix":3},"m":1,"ix":2,"nm":"Trim Paths 1","mn":"ADBE Vector Filter - Trim","hd":false},{"ty":"st","c":{"a":0,"k":[0.376470618154,0.203921583587,0.207843152214,1],"ix":3},"o":{"a":0,"k":100,"ix":4},"w":{"a":0,"k":6,"ix":5},"lc":1,"lj":1,"ml":10,"bm":0,"nm":"Stroke 1","mn":"ADBE Vector Graphic - Stroke","hd":false},{"ty":"tr","p":{"a":0,"k":[0,0],"ix":2},"a":{"a":0,"k":[0,0],"ix":1},"s":{"a":0,"k":[100,100],"ix":3},"r":{"a":0,"k":0,"ix":6},"o":{"a":0,"k":100,"ix":7},"sk":{"a":0,"k":0,"ix":4},"sa":{"a":0,"k":0,"ix":5},"nm":"Transform"}],"nm":"Group 1","np":3,"cix":2,"bm":0,"ix":1,"mn":"ADBE Vector Group","hd":false}],"ip":0,"op":1800,"st":0,"bm":0},{"ddd":0,"ind":10,"ty":4,"nm":"index fin outline","parent":11,"sr":1,"ks":{"o":{"a":0,"k":100,"ix":11},"r":{"a":1,"k":[{"i":{"x":[0.6],"y":[1]},"o":{"x":[0.4],"y":[0]},"t":-6,"s":[1]},{"i":{"x":[0.6],"y":[1]},"o":{"x":[0.4],"y":[0]},"t":34,"s":[-1]},{"i":{"x":[0.6],"y":[1]},"o":{"x":[0.4],"y":[0]},"t":75,"s":[1]},{"i":{"x":[0.6],"y":[1]},"o":{"x":[0.4],"y":[0]},"t":115,"s":[-1]},{"t":156,"s":[1]}],"ix":10},"p":{"a":0,"k":[3.393,127.573,0],"ix":2},"a":{"a":0,"k":[3.393,127.573,0],"ix":1},"s":{"a":0,"k":[100,100,100],"ix":6}},"ao":0,"shapes":[{"ty":"gr","it":[{"ind":0,"ty":"sh","ix":1,"ks":{"a":0,"k":{"i":[[11.853,-0.316],[0,0],[0.04,11.857],[0,0],[-9.478,0.253],[0,0],[-0.473,-9.469],[0,0]],"o":[[0,0],[-11.853,0.316],[0,0],[-0.032,-9.481],[0,0],[9.478,-0.253],[0,0],[0.592,11.842]],"v":[[4.724,148.566],[4.723,148.566],[-16.96,127.524],[-17.495,-30.01],[-0.507,-47.516],[-0.507,-47.516],[17.39,-30.941],[25.255,126.398]],"c":true},"ix":2},"nm":"Path 1","mn":"ADBE Vector Shape - Group","hd":false},{"ty":"tm","s":{"a":0,"k":82.5,"ix":1},"e":{"a":0,"k":89.2,"ix":2},"o":{"a":1,"k":[{"i":{"x":[0.6],"y":[1]},"o":{"x":[0.4],"y":[0]},"t":-6,"s":[0]},{"i":{"x":[0.6],"y":[1]},"o":{"x":[0.4],"y":[0]},"t":34,"s":[0.8]},{"i":{"x":[0.6],"y":[1]},"o":{"x":[0.4],"y":[0]},"t":75,"s":[0]},{"i":{"x":[0.6],"y":[1]},"o":{"x":[0.4],"y":[0]},"t":115,"s":[0.8]},{"t":156,"s":[0]}],"ix":3},"m":1,"ix":2,"nm":"Trim Paths 1","mn":"ADBE Vector Filter - Trim","hd":false},{"ty":"st","c":{"a":0,"k":[0.376470618154,0.203921583587,0.207843152214,1],"ix":3},"o":{"a":0,"k":100,"ix":4},"w":{"a":0,"k":3,"ix":5},"lc":1,"lj":1,"ml":10,"bm":0,"nm":"Stroke 1","mn":"ADBE Vector Graphic - Stroke","hd":false},{"ty":"tr","p":{"a":0,"k":[0,0],"ix":2},"a":{"a":0,"k":[0,0],"ix":1},"s":{"a":0,"k":[100,100],"ix":3},"r":{"a":0,"k":0,"ix":6},"o":{"a":0,"k":100,"ix":7},"sk":{"a":0,"k":0,"ix":4},"sa":{"a":0,"k":0,"ix":5},"nm":"Transform"}],"nm":"Group 2","np":3,"cix":2,"bm":0,"ix":1,"mn":"ADBE Vector Group","hd":false}],"ip":0,"op":1800,"st":0,"bm":0},{"ddd":0,"ind":11,"ty":4,"nm":"palm","parent":16,"sr":1,"ks":{"o":{"a":0,"k":100,"ix":11},"r":{"a":1,"k":[{"i":{"x":[0.6],"y":[1]},"o":{"x":[0.4],"y":[0]},"t":-11,"s":[2]},{"i":{"x":[0.6],"y":[1]},"o":{"x":[0.4],"y":[0]},"t":29,"s":[-2]},{"i":{"x":[0.6],"y":[1]},"o":{"x":[0.4],"y":[0]},"t":70,"s":[2]},{"i":{"x":[0.6],"y":[1]},"o":{"x":[0.4],"y":[0]},"t":110,"s":[-2]},{"t":151,"s":[2]}],"ix":10},"p":{"a":0,"k":[48.902,245.534,0],"ix":2},"a":{"a":0,"k":[48.902,245.534,0],"ix":1},"s":{"a":0,"k":[100,100,100],"ix":6}},"ao":0,"shapes":[{"ty":"gr","it":[{"ind":0,"ty":"sh","ix":1,"ks":{"a":0,"k":{"i":[[0,0],[0,0]],"o":[[0,0],[0,0]],"v":[[70.12,120.716],[16.443,113.323]],"c":false},"ix":2},"nm":"Path 1","mn":"ADBE Vector Shape - Group","hd":false},{"ty":"st","c":{"a":0,"k":[0.376470618154,0.203921583587,0.207843152214,1],"ix":3},"o":{"a":0,"k":100,"ix":4},"w":{"a":0,"k":3,"ix":5},"lc":1,"lj":1,"ml":10,"bm":0,"nm":"Stroke 1","mn":"ADBE Vector Graphic - Stroke","hd":false},{"ty":"tr","p":{"a":0,"k":[0,0],"ix":2},"a":{"a":0,"k":[0,0],"ix":1},"s":{"a":0,"k":[100,100],"ix":3},"r":{"a":0,"k":0,"ix":6},"o":{"a":0,"k":100,"ix":7},"sk":{"a":0,"k":0,"ix":4},"sa":{"a":0,"k":0,"ix":5},"nm":"Transform"}],"nm":"Group 1","np":2,"cix":2,"bm":0,"ix":1,"mn":"ADBE Vector Group","hd":false},{"ty":"gr","it":[{"ind":0,"ty":"sh","ix":1,"ks":{"a":0,"k":{"i":[[28.115,8.789],[0,0],[0.487,-10.573],[0,0],[-57.556,3.35],[-4.767,3.665],[-5.277,31.222]],"o":[[0,0],[-10.102,-3.158],[0,0],[-2.653,57.592],[9.414,-0.548],[13.63,-10.477],[4.909,-29.045]],"v":[[93.147,123.276],[5.214,95.787],[-15.733,110.456],[-18.507,170.663],[83.906,272.869],[105.851,266.84],[133.585,189.327]],"c":true},"ix":2},"nm":"Path 1","mn":"ADBE Vector Shape - Group","hd":false},{"ty":"fl","c":{"a":0,"k":[0.498039245605,0.301960784314,0.254901960784,1],"ix":4},"o":{"a":0,"k":100,"ix":5},"r":1,"bm":0,"nm":"Fill 1","mn":"ADBE Vector Graphic - Fill","hd":false},{"ty":"tr","p":{"a":0,"k":[0,0],"ix":2},"a":{"a":0,"k":[0,0],"ix":1},"s":{"a":0,"k":[100,100],"ix":3},"r":{"a":0,"k":0,"ix":6},"o":{"a":0,"k":100,"ix":7},"sk":{"a":0,"k":0,"ix":4},"sa":{"a":0,"k":0,"ix":5},"nm":"Transform"}],"nm":"Group 2","np":2,"cix":2,"bm":0,"ix":2,"mn":"ADBE Vector Group","hd":false}],"ip":0,"op":1800,"st":0,"bm":0},{"ddd":0,"ind":12,"ty":4,"nm":"index fin","parent":11,"sr":1,"ks":{"o":{"a":0,"k":100,"ix":11},"r":{"a":1,"k":[{"i":{"x":[0.6],"y":[1]},"o":{"x":[0.4],"y":[0]},"t":-6,"s":[1]},{"i":{"x":[0.6],"y":[1]},"o":{"x":[0.4],"y":[0]},"t":34,"s":[-1]},{"i":{"x":[0.6],"y":[1]},"o":{"x":[0.4],"y":[0]},"t":75,"s":[1]},{"i":{"x":[0.6],"y":[1]},"o":{"x":[0.4],"y":[0]},"t":115,"s":[-1]},{"t":156,"s":[1]}],"ix":10},"p":{"a":0,"k":[3.393,127.573,0],"ix":2},"a":{"a":0,"k":[3.393,127.573,0],"ix":1},"s":{"a":0,"k":[100,100,100],"ix":6}},"ao":0,"shapes":[{"ty":"gr","it":[{"ind":0,"ty":"sh","ix":1,"ks":{"a":0,"k":{"i":[[11.853,-0.316],[0,0],[0.04,11.857],[0,0],[-9.478,0.253],[0,0],[-0.473,-9.469],[0,0]],"o":[[0,0],[-11.853,0.316],[0,0],[-0.032,-9.481],[0,0],[9.478,-0.253],[0,0],[0.592,11.842]],"v":[[4.724,148.566],[4.723,148.566],[-16.96,127.524],[-17.495,-30.01],[-0.507,-47.516],[-0.507,-47.516],[17.39,-30.941],[25.255,126.398]],"c":true},"ix":2},"nm":"Path 1","mn":"ADBE Vector Shape - Group","hd":false},{"ty":"fl","c":{"a":0,"k":[0.498039245605,0.301960784314,0.254901960784,1],"ix":4},"o":{"a":0,"k":100,"ix":5},"r":1,"bm":0,"nm":"Fill 1","mn":"ADBE Vector Graphic - Fill","hd":false},{"ty":"tr","p":{"a":0,"k":[0,0],"ix":2},"a":{"a":0,"k":[0,0],"ix":1},"s":{"a":0,"k":[100,100],"ix":3},"r":{"a":0,"k":0,"ix":6},"o":{"a":0,"k":100,"ix":7},"sk":{"a":0,"k":0,"ix":4},"sa":{"a":0,"k":0,"ix":5},"nm":"Transform"}],"nm":"Group 1","np":2,"cix":2,"bm":0,"ix":1,"mn":"ADBE Vector Group","hd":false}],"ip":0,"op":1800,"st":0,"bm":0},{"ddd":0,"ind":13,"ty":4,"nm":"mid fin 02","parent":11,"sr":1,"ks":{"o":{"a":0,"k":100,"ix":11},"r":{"a":0,"k":0,"ix":10},"p":{"a":0,"k":[33.08,101.96,0],"ix":2},"a":{"a":0,"k":[33.08,101.96,0],"ix":1},"s":{"a":0,"k":[100,100,100],"ix":6}},"ao":0,"shapes":[{"ty":"gr","it":[{"ind":0,"ty":"sh","ix":1,"ks":{"a":0,"k":{"i":[[0,0],[0,0]],"o":[[0,0],[0,0]],"v":[[72.44,79.44],[33.08,101.96]],"c":false},"ix":2},"nm":"Path 1","mn":"ADBE Vector Shape - Group","hd":false},{"ty":"st","c":{"a":0,"k":[0.498039245605,0.301960784314,0.254901960784,1],"ix":3},"o":{"a":0,"k":100,"ix":4},"w":{"a":0,"k":40,"ix":5},"lc":2,"lj":1,"ml":10,"bm":0,"nm":"Stroke 1","mn":"ADBE Vector Graphic - Stroke","hd":false},{"ty":"tr","p":{"a":0,"k":[0,0],"ix":2},"a":{"a":0,"k":[0,0],"ix":1},"s":{"a":0,"k":[100,100],"ix":3},"r":{"a":0,"k":0,"ix":6},"o":{"a":0,"k":100,"ix":7},"sk":{"a":0,"k":0,"ix":4},"sa":{"a":0,"k":0,"ix":5},"nm":"Transform"}],"nm":"Group 1","np":2,"cix":2,"bm":0,"ix":1,"mn":"ADBE Vector Group","hd":false}],"ip":0,"op":1800,"st":0,"bm":0},{"ddd":0,"ind":14,"ty":4,"nm":"ring fin 02","parent":11,"sr":1,"ks":{"o":{"a":0,"k":100,"ix":11},"r":{"a":0,"k":0,"ix":10},"p":{"a":0,"k":[75.12,109.68,0],"ix":2},"a":{"a":0,"k":[75.12,109.68,0],"ix":1},"s":{"a":0,"k":[100,100,100],"ix":6}},"ao":0,"shapes":[{"ty":"gr","it":[{"ind":0,"ty":"sh","ix":1,"ks":{"a":0,"k":{"i":[[0,0],[0,0]],"o":[[0,0],[0,0]],"v":[[106.443,96.3],[75.12,109.68]],"c":false},"ix":2},"nm":"Path 1","mn":"ADBE Vector Shape - Group","hd":false},{"ty":"st","c":{"a":0,"k":[0.498039245605,0.301960784314,0.254901960784,1],"ix":3},"o":{"a":0,"k":100,"ix":4},"w":{"a":0,"k":36,"ix":5},"lc":2,"lj":1,"ml":10,"bm":0,"nm":"Stroke 1","mn":"ADBE Vector Graphic - Stroke","hd":false},{"ty":"tr","p":{"a":0,"k":[0,0],"ix":2},"a":{"a":0,"k":[0,0],"ix":1},"s":{"a":0,"k":[100,100],"ix":3},"r":{"a":0,"k":0,"ix":6},"o":{"a":0,"k":100,"ix":7},"sk":{"a":0,"k":0,"ix":4},"sa":{"a":0,"k":0,"ix":5},"nm":"Transform"}],"nm":"Group 1","np":2,"cix":2,"bm":0,"ix":1,"mn":"ADBE Vector Group","hd":false}],"ip":0,"op":1800,"st":0,"bm":0},{"ddd":0,"ind":15,"ty":4,"nm":"lit fin 02","parent":11,"sr":1,"ks":{"o":{"a":0,"k":100,"ix":11},"r":{"a":0,"k":0,"ix":10},"p":{"a":0,"k":[104.205,131.214,0],"ix":2},"a":{"a":0,"k":[104.205,131.214,0],"ix":1},"s":{"a":0,"k":[100,100,100],"ix":6}},"ao":0,"shapes":[{"ty":"gr","it":[{"ind":0,"ty":"sh","ix":1,"ks":{"a":0,"k":{"i":[[0,0],[0,0]],"o":[[0,0],[0,0]],"v":[[133.194,125.634],[104.205,131.214]],"c":false},"ix":2},"nm":"Path 1","mn":"ADBE Vector Shape - Group","hd":false},{"ty":"st","c":{"a":0,"k":[0.498039245605,0.301960784314,0.254901960784,1],"ix":3},"o":{"a":0,"k":100,"ix":4},"w":{"a":0,"k":32,"ix":5},"lc":2,"lj":1,"ml":10,"bm":0,"nm":"Stroke 1","mn":"ADBE Vector Graphic - Stroke","hd":false},{"ty":"tr","p":{"a":0,"k":[0,0],"ix":2},"a":{"a":0,"k":[0,0],"ix":1},"s":{"a":0,"k":[100,100],"ix":3},"r":{"a":0,"k":0,"ix":6},"o":{"a":0,"k":100,"ix":7},"sk":{"a":0,"k":0,"ix":4},"sa":{"a":0,"k":0,"ix":5},"nm":"Transform"}],"nm":"Group 1","np":2,"cix":2,"bm":0,"ix":1,"mn":"ADBE Vector Group","hd":false}],"ip":0,"op":1800,"st":0,"bm":0},{"ddd":0,"ind":16,"ty":4,"nm":"wrist","sr":1,"ks":{"o":{"a":0,"k":100,"ix":11},"r":{"a":1,"k":[{"i":{"x":[0.6],"y":[1]},"o":{"x":[0.4],"y":[0]},"t":60,"s":[3]},{"i":{"x":[0.6],"y":[1]},"o":{"x":[0.4],"y":[0]},"t":100,"s":[-3]},{"t":141,"s":[3]}],"ix":10},"p":{"a":1,"k":[{"i":{"x":0.6,"y":1},"o":{"x":0.4,"y":0},"t":-1,"s":[553.766,854.3,0],"to":[0,0,0],"ti":[0,0,0]},{"i":{"x":0.6,"y":1},"o":{"x":0.4,"y":0},"t":39,"s":[613.766,854.3,0],"to":[0,0,0],"ti":[0,0,0]},{"i":{"x":0.6,"y":1},"o":{"x":0.4,"y":0},"t":80,"s":[553.766,854.3,0],"to":[0,0,0],"ti":[0,0,0]},{"i":{"x":0.6,"y":1},"o":{"x":0.4,"y":0},"t":120,"s":[613.766,854.3,0],"to":[0,0,0],"ti":[0,0,0]},{"t":161,"s":[553.766,854.3,0]}],"ix":2},"a":{"a":0,"k":[43.766,314.3,0],"ix":1},"s":{"a":0,"k":[100,100,100],"ix":6}},"ao":0,"shapes":[{"ty":"gr","it":[{"ind":0,"ty":"sh","ix":1,"ks":{"a":1,"k":[{"i":{"x":0.6,"y":1},"o":{"x":0.4,"y":0},"t":-11,"s":[{"i":[[0,0],[0,0],[0,0]],"o":[[0,0],[0,0],[0,0]],"v":[[-12.403,261.924],[-10.932,237.487],[30.8,262.385]],"c":true}]},{"i":{"x":0.6,"y":1},"o":{"x":0.4,"y":0},"t":29,"s":[{"i":[[0,0],[0,0],[0,0]],"o":[[0,0],[0,0],[0,0]],"v":[[-12.534,265.297],[-10.932,237.487],[27.1,264.243]],"c":true}]},{"i":{"x":0.6,"y":1},"o":{"x":0.4,"y":0},"t":70,"s":[{"i":[[0,0],[0,0],[0,0]],"o":[[0,0],[0,0],[0,0]],"v":[[-12.403,261.924],[-10.932,237.487],[30.8,262.385]],"c":true}]},{"i":{"x":0.6,"y":1},"o":{"x":0.4,"y":0},"t":110,"s":[{"i":[[0,0],[0,0],[0,0]],"o":[[0,0],[0,0],[0,0]],"v":[[-12.534,265.297],[-10.932,237.487],[27.1,264.243]],"c":true}]},{"t":151,"s":[{"i":[[0,0],[0,0],[0,0]],"o":[[0,0],[0,0],[0,0]],"v":[[-12.403,261.924],[-10.932,237.487],[30.8,262.385]],"c":true}]}],"ix":2},"nm":"Path 1","mn":"ADBE Vector Shape - Group","hd":false},{"ty":"fl","c":{"a":0,"k":[0.376470618154,0.203921583587,0.207843152214,1],"ix":4},"o":{"a":0,"k":100,"ix":5},"r":1,"bm":0,"nm":"Fill 1","mn":"ADBE Vector Graphic - Fill","hd":false},{"ty":"tr","p":{"a":0,"k":[0,0],"ix":2},"a":{"a":0,"k":[0,0],"ix":1},"s":{"a":0,"k":[100,100],"ix":3},"r":{"a":0,"k":0,"ix":6},"o":{"a":0,"k":100,"ix":7},"sk":{"a":0,"k":0,"ix":4},"sa":{"a":0,"k":0,"ix":5},"nm":"Transform"}],"nm":"Group 1","np":2,"cix":2,"bm":0,"ix":1,"mn":"ADBE Vector Group","hd":false},{"ty":"gr","it":[{"ind":0,"ty":"sh","ix":1,"ks":{"a":1,"k":[{"i":{"x":0.6,"y":1},"o":{"x":0.4,"y":0},"t":-11,"s":[{"i":[[0,0],[0,0],[0,0]],"o":[[0,0],[0,0],[0,0]],"v":[[103.454,279.527],[103.44,266.374],[82.452,272.853]],"c":true}]},{"i":{"x":0.6,"y":1},"o":{"x":0.4,"y":0},"t":29,"s":[{"i":[[0,0],[0,0],[0,0]],"o":[[0,0],[0,0],[0,0]],"v":[[103.445,276.525],[103.44,266.374],[82.851,272.243]],"c":true}]},{"i":{"x":0.6,"y":1},"o":{"x":0.4,"y":0},"t":70,"s":[{"i":[[0,0],[0,0],[0,0]],"o":[[0,0],[0,0],[0,0]],"v":[[103.454,279.527],[103.44,266.374],[82.452,272.853]],"c":true}]},{"i":{"x":0.6,"y":1},"o":{"x":0.4,"y":0},"t":110,"s":[{"i":[[0,0],[0,0],[0,0]],"o":[[0,0],[0,0],[0,0]],"v":[[103.445,276.525],[103.44,266.374],[82.851,272.243]],"c":true}]},{"t":151,"s":[{"i":[[0,0],[0,0],[0,0]],"o":[[0,0],[0,0],[0,0]],"v":[[103.454,279.527],[103.44,266.374],[82.452,272.853]],"c":true}]}],"ix":2},"nm":"Path 1","mn":"ADBE Vector Shape - Group","hd":false},{"ty":"fl","c":{"a":0,"k":[0.376470618154,0.203921583587,0.207843152214,1],"ix":4},"o":{"a":0,"k":100,"ix":5},"r":1,"bm":0,"nm":"Fill 1","mn":"ADBE Vector Graphic - Fill","hd":false},{"ty":"tr","p":{"a":0,"k":[0,0],"ix":2},"a":{"a":0,"k":[0,0],"ix":1},"s":{"a":0,"k":[100,100],"ix":3},"r":{"a":0,"k":0,"ix":6},"o":{"a":0,"k":100,"ix":7},"sk":{"a":0,"k":0,"ix":4},"sa":{"a":0,"k":0,"ix":5},"nm":"Transform"}],"nm":"Group 3","np":2,"cix":2,"bm":0,"ix":2,"mn":"ADBE Vector Group","hd":false},{"ty":"gr","it":[{"ind":0,"ty":"sh","ix":1,"ks":{"a":0,"k":{"i":[[0,0],[0,0],[0,0],[0,0]],"o":[[0,0],[0,0],[0,0],[0,0]],"v":[[-16.908,335.8],[103.44,335.8],[103.44,292.066],[-13.703,283.077]],"c":true},"ix":2},"nm":"Path 1","mn":"ADBE Vector Shape - Group","hd":false},{"ty":"fl","c":{"a":0,"k":[0.49411764705882355,0.30196078431372547,0.25098039215686274,1],"ix":4},"o":{"a":0,"k":100,"ix":5},"r":1,"bm":0,"nm":"Fill 1","mn":"ADBE Vector Graphic - Fill","hd":false},{"ty":"tr","p":{"a":0,"k":[0,0],"ix":2},"a":{"a":0,"k":[0,0],"ix":1},"s":{"a":0,"k":[100,100],"ix":3},"r":{"a":0,"k":0,"ix":6},"o":{"a":0,"k":100,"ix":7},"sk":{"a":0,"k":0,"ix":4},"sa":{"a":0,"k":0,"ix":5},"nm":"Transform"}],"nm":"Group 2","np":2,"cix":2,"bm":0,"ix":3,"mn":"ADBE Vector Group","hd":false},{"ty":"gr","it":[{"ind":0,"ty":"sh","ix":1,"ks":{"a":0,"k":{"i":[[0,0],[0,0],[0,0],[0,0]],"o":[[0,0],[0,0],[0,0],[0,0]],"v":[[-8.786,202.171],[103.44,221.96],[103.44,335.8],[-16.908,335.8]],"c":true},"ix":2},"nm":"Path 1","mn":"ADBE Vector Shape - Group","hd":false},{"ty":"fl","c":{"a":0,"k":[0.498039245605,0.301960784314,0.254901960784,1],"ix":4},"o":{"a":0,"k":100,"ix":5},"r":1,"bm":0,"nm":"Fill 1","mn":"ADBE Vector Graphic - Fill","hd":false},{"ty":"tr","p":{"a":0,"k":[0,0],"ix":2},"a":{"a":0,"k":[0,0],"ix":1},"s":{"a":0,"k":[100,100],"ix":3},"r":{"a":0,"k":0,"ix":6},"o":{"a":0,"k":100,"ix":7},"sk":{"a":0,"k":0,"ix":4},"sa":{"a":0,"k":0,"ix":5},"nm":"Transform"}],"nm":"Group 4","np":2,"cix":2,"bm":0,"ix":4,"mn":"ADBE Vector Group","hd":false}],"ip":0,"op":1800,"st":0,"bm":0},{"ddd":0,"ind":17,"ty":4,"nm":"06","parent":31,"sr":1,"ks":{"o":{"a":0,"k":100,"ix":11},"r":{"a":0,"k":90,"ix":10},"p":{"a":0,"k":[0,-224,0],"ix":2},"a":{"a":0,"k":[0,0,0],"ix":1},"s":{"a":0,"k":[100,100,100],"ix":6}},"ao":0,"shapes":[{"ty":"gr","it":[{"ind":0,"ty":"sh","ix":1,"ks":{"a":0,"k":{"i":[[-2.485,0],[0,-129.235],[2.485,0]],"o":[[2.485,0],[0,129.235],[-2.485,0]],"v":[[0,-234],[4.5,0],[0,234]],"c":false},"ix":2},"nm":"Path 1","mn":"ADBE Vector Shape - Group","hd":false},{"ty":"st","c":{"a":0,"k":[0.1803921568627451,0.07450980392156863,0.011764705882352941,1],"ix":3},"o":{"a":0,"k":100,"ix":4},"w":{"a":0,"k":7,"ix":5},"lc":2,"lj":1,"ml":10,"bm":0,"nm":"Stroke 1","mn":"ADBE Vector Graphic - Stroke","hd":false},{"ty":"tr","p":{"a":0,"k":[0,0],"ix":2},"a":{"a":0,"k":[0,0],"ix":1},"s":{"a":0,"k":[100,100],"ix":3},"r":{"a":0,"k":0,"ix":6},"o":{"a":0,"k":100,"ix":7},"sk":{"a":0,"k":0,"ix":4},"sa":{"a":0,"k":0,"ix":5},"nm":"Transform"}],"nm":"Group 1","np":2,"cix":2,"bm":0,"ix":1,"mn":"ADBE Vector Group","hd":false},{"ty":"gr","it":[{"ind":0,"ty":"sh","ix":1,"ks":{"a":0,"k":{"i":[[2.485,0],[0,129.235],[-2.485,0]],"o":[[-2.485,0],[0,-129.235],[2.485,0]],"v":[[0,234],[-4.5,0],[0,-234]],"c":false},"ix":2},"nm":"Path 1","mn":"ADBE Vector Shape - Group","hd":false},{"ty":"st","c":{"a":0,"k":[0.1803921568627451,0.07450980392156863,0.011764705882352941,1],"ix":3},"o":{"a":0,"k":100,"ix":4},"w":{"a":0,"k":7,"ix":5},"lc":2,"lj":1,"ml":10,"bm":0,"nm":"Stroke 1","mn":"ADBE Vector Graphic - Stroke","hd":false},{"ty":"tr","p":{"a":0,"k":[0,0],"ix":2},"a":{"a":0,"k":[0,0],"ix":1},"s":{"a":0,"k":[100,100],"ix":3},"r":{"a":0,"k":0,"ix":6},"o":{"a":0,"k":0,"ix":7},"sk":{"a":0,"k":0,"ix":4},"sa":{"a":0,"k":0,"ix":5},"nm":"Transform"}],"nm":"Group 2","np":2,"cix":2,"bm":0,"ix":2,"mn":"ADBE Vector Group","hd":false},{"ty":"tm","s":{"a":0,"k":0,"ix":1},"e":{"a":0,"k":7,"ix":2},"o":{"a":1,"k":[{"i":{"x":[0.833],"y":[0.833]},"o":{"x":[0.167],"y":[0.167]},"t":94,"s":[222.222]},{"t":110,"s":[577.778],"h":1},{"i":{"x":[0.833],"y":[0.833]},"o":{"x":[0.167],"y":[0.167]},"t":175,"s":[222.222]},{"t":191,"s":[577.778],"h":1}],"ix":3},"m":2,"ix":3,"nm":"Trim Paths 1","mn":"ADBE Vector Filter - Trim","hd":false}],"ip":60,"op":223,"st":0,"bm":0},{"ddd":0,"ind":18,"ty":4,"nm":"05","parent":31,"sr":1,"ks":{"o":{"a":0,"k":100,"ix":11},"r":{"a":0,"k":90,"ix":10},"p":{"a":0,"k":[0,-270,0],"ix":2},"a":{"a":0,"k":[0,0,0],"ix":1},"s":{"a":0,"k":[100,100,100],"ix":6}},"ao":0,"shapes":[{"ty":"gr","it":[{"ind":0,"ty":"sh","ix":1,"ks":{"a":0,"k":{"i":[[3.866,0],[0,-129.235],[-3.866,0]],"o":[[-3.866,0],[0,129.235],[3.866,0]],"v":[[0,-234],[-7,0],[0,234]],"c":false},"ix":2},"nm":"Path 1","mn":"ADBE Vector Shape - Group","hd":false},{"ty":"st","c":{"a":0,"k":[0.1803921568627451,0.07450980392156863,0.011764705882352941,1],"ix":3},"o":{"a":0,"k":100,"ix":4},"w":{"a":0,"k":7,"ix":5},"lc":2,"lj":1,"ml":10,"bm":0,"nm":"Stroke 1","mn":"ADBE Vector Graphic - Stroke","hd":false},{"ty":"tr","p":{"a":0,"k":[0,0],"ix":2},"a":{"a":0,"k":[0,0],"ix":1},"s":{"a":0,"k":[100,100],"ix":3},"r":{"a":0,"k":0,"ix":6},"o":{"a":0,"k":100,"ix":7},"sk":{"a":0,"k":0,"ix":4},"sa":{"a":0,"k":0,"ix":5},"nm":"Transform"}],"nm":"Group 1","np":2,"cix":2,"bm":0,"ix":1,"mn":"ADBE Vector Group","hd":false},{"ty":"gr","it":[{"ind":0,"ty":"sh","ix":1,"ks":{"a":0,"k":{"i":[[-3.866,0],[0,129.235],[3.866,0]],"o":[[3.866,0],[0,-129.235],[-3.866,0]],"v":[[0,234],[7,0],[0,-234]],"c":false},"ix":2},"nm":"Path 1","mn":"ADBE Vector Shape - Group","hd":false},{"ty":"st","c":{"a":0,"k":[0.1803921568627451,0.07450980392156863,0.011764705882352941,1],"ix":3},"o":{"a":0,"k":100,"ix":4},"w":{"a":0,"k":7,"ix":5},"lc":2,"lj":1,"ml":10,"bm":0,"nm":"Stroke 1","mn":"ADBE Vector Graphic - Stroke","hd":false},{"ty":"tr","p":{"a":0,"k":[0,0],"ix":2},"a":{"a":0,"k":[0,0],"ix":1},"s":{"a":0,"k":[100,100],"ix":3},"r":{"a":0,"k":0,"ix":6},"o":{"a":0,"k":0,"ix":7},"sk":{"a":0,"k":0,"ix":4},"sa":{"a":0,"k":0,"ix":5},"nm":"Transform"}],"nm":"Group 2","np":2,"cix":2,"bm":0,"ix":2,"mn":"ADBE Vector Group","hd":false},{"ty":"tm","s":{"a":0,"k":0,"ix":1},"e":{"a":0,"k":15,"ix":2},"o":{"a":1,"k":[{"i":{"x":[0.833],"y":[0.833]},"o":{"x":[0.167],"y":[0.167]},"t":86,"s":[222.222]},{"t":102,"s":[577.778],"h":1},{"i":{"x":[0.833],"y":[0.833]},"o":{"x":[0.167],"y":[0.167]},"t":167,"s":[222.222]},{"t":183,"s":[577.778],"h":1}],"ix":3},"m":2,"ix":3,"nm":"Trim Paths 1","mn":"ADBE Vector Filter - Trim","hd":false}],"ip":60,"op":223,"st":0,"bm":0},{"ddd":0,"ind":19,"ty":4,"nm":"04","parent":31,"sr":1,"ks":{"o":{"a":0,"k":100,"ix":11},"r":{"a":0,"k":90,"ix":10},"p":{"a":0,"k":[0,-177,0],"ix":2},"a":{"a":0,"k":[0,0,0],"ix":1},"s":{"a":0,"k":[100,100,100],"ix":6}},"ao":0,"shapes":[{"ty":"gr","it":[{"ind":0,"ty":"sh","ix":1,"ks":{"a":0,"k":{"i":[[-5.247,0],[0,-126.887],[5.247,0]],"o":[[5.247,0],[0,126.887],[-5.247,0]],"v":[[0,-229.75],[9.5,0],[0,229.75]],"c":false},"ix":2},"nm":"Path 1","mn":"ADBE Vector Shape - Group","hd":false},{"ty":"st","c":{"a":0,"k":[0.1803921568627451,0.07450980392156863,0.011764705882352941,1],"ix":3},"o":{"a":0,"k":100,"ix":4},"w":{"a":0,"k":7,"ix":5},"lc":2,"lj":1,"ml":10,"bm":0,"nm":"Stroke 1","mn":"ADBE Vector Graphic - Stroke","hd":false},{"ty":"tr","p":{"a":0,"k":[0,0],"ix":2},"a":{"a":0,"k":[0,0],"ix":1},"s":{"a":0,"k":[100,100],"ix":3},"r":{"a":0,"k":0,"ix":6},"o":{"a":0,"k":100,"ix":7},"sk":{"a":0,"k":0,"ix":4},"sa":{"a":0,"k":0,"ix":5},"nm":"Transform"}],"nm":"Group 1","np":2,"cix":2,"bm":0,"ix":1,"mn":"ADBE Vector Group","hd":false},{"ty":"gr","it":[{"ind":0,"ty":"sh","ix":1,"ks":{"a":0,"k":{"i":[[5.247,0],[0,126.887],[-5.247,0]],"o":[[-5.247,0],[0,-126.887],[5.247,0]],"v":[[0,229.75],[-9.5,0],[0,-229.75]],"c":false},"ix":2},"nm":"Path 1","mn":"ADBE Vector Shape - Group","hd":false},{"ty":"st","c":{"a":0,"k":[0.1803921568627451,0.07450980392156863,0.011764705882352941,1],"ix":3},"o":{"a":0,"k":100,"ix":4},"w":{"a":0,"k":7,"ix":5},"lc":2,"lj":1,"ml":10,"bm":0,"nm":"Stroke 1","mn":"ADBE Vector Graphic - Stroke","hd":false},{"ty":"tr","p":{"a":0,"k":[0,0],"ix":2},"a":{"a":0,"k":[0,0],"ix":1},"s":{"a":0,"k":[100,100],"ix":3},"r":{"a":0,"k":0,"ix":6},"o":{"a":0,"k":0,"ix":7},"sk":{"a":0,"k":0,"ix":4},"sa":{"a":0,"k":0,"ix":5},"nm":"Transform"}],"nm":"Group 2","np":2,"cix":2,"bm":0,"ix":2,"mn":"ADBE Vector Group","hd":false},{"ty":"tm","s":{"a":0,"k":0,"ix":1},"e":{"a":0,"k":10,"ix":2},"o":{"a":1,"k":[{"i":{"x":[0.833],"y":[0.833]},"o":{"x":[0.167],"y":[0.167]},"t":59,"s":[222.222]},{"t":75,"s":[577.778],"h":1},{"i":{"x":[0.833],"y":[0.833]},"o":{"x":[0.167],"y":[0.167]},"t":118,"s":[222.222]},{"t":134,"s":[577.778],"h":1},{"i":{"x":[0.833],"y":[0.833]},"o":{"x":[0.167],"y":[0.167]},"t":140,"s":[222.222]},{"t":156,"s":[577.778],"h":1},{"i":{"x":[0.833],"y":[0.833]},"o":{"x":[0.167],"y":[0.167]},"t":199,"s":[222.222]},{"t":215,"s":[577.778],"h":1},{"i":{"x":[0.833],"y":[0.833]},"o":{"x":[0.167],"y":[0.167]},"t":221,"s":[222.222]},{"t":237,"s":[577.778],"h":1}],"ix":3},"m":2,"ix":3,"nm":"Trim Paths 1","mn":"ADBE Vector Filter - Trim","hd":false}],"ip":60,"op":223,"st":0,"bm":0},{"ddd":0,"ind":20,"ty":4,"nm":"03","parent":31,"sr":1,"ks":{"o":{"a":0,"k":100,"ix":11},"r":{"a":0,"k":90,"ix":10},"p":{"a":0,"k":[0,-212,0],"ix":2},"a":{"a":0,"k":[0,0,0],"ix":1},"s":{"a":0,"k":[100,100,100],"ix":6}},"ao":0,"shapes":[{"ty":"gr","it":[{"ind":0,"ty":"sh","ix":1,"ks":{"a":0,"k":{"i":[[-2.761,0],[0,-129.235],[2.761,0]],"o":[[2.761,0],[0,129.235],[-2.761,0]],"v":[[0,-234],[5,0],[0,234]],"c":false},"ix":2},"nm":"Path 1","mn":"ADBE Vector Shape - Group","hd":false},{"ty":"st","c":{"a":0,"k":[0.1803921568627451,0.07450980392156863,0.011764705882352941,1],"ix":3},"o":{"a":0,"k":100,"ix":4},"w":{"a":0,"k":7,"ix":5},"lc":2,"lj":1,"ml":10,"bm":0,"nm":"Stroke 1","mn":"ADBE Vector Graphic - Stroke","hd":false},{"ty":"tr","p":{"a":0,"k":[0,0],"ix":2},"a":{"a":0,"k":[0,0],"ix":1},"s":{"a":0,"k":[100,100],"ix":3},"r":{"a":0,"k":0,"ix":6},"o":{"a":0,"k":100,"ix":7},"sk":{"a":0,"k":0,"ix":4},"sa":{"a":0,"k":0,"ix":5},"nm":"Transform"}],"nm":"Group 1","np":2,"cix":2,"bm":0,"ix":1,"mn":"ADBE Vector Group","hd":false},{"ty":"gr","it":[{"ind":0,"ty":"sh","ix":1,"ks":{"a":0,"k":{"i":[[2.761,0],[0,129.235],[-2.761,0]],"o":[[-2.761,0],[0,-129.235],[2.761,0]],"v":[[0,234],[-5,0],[0,-234]],"c":false},"ix":2},"nm":"Path 1","mn":"ADBE Vector Shape - Group","hd":false},{"ty":"st","c":{"a":0,"k":[0.1803921568627451,0.07450980392156863,0.011764705882352941,1],"ix":3},"o":{"a":0,"k":100,"ix":4},"w":{"a":0,"k":7,"ix":5},"lc":2,"lj":1,"ml":10,"bm":0,"nm":"Stroke 1","mn":"ADBE Vector Graphic - Stroke","hd":false},{"ty":"tr","p":{"a":0,"k":[0,0],"ix":2},"a":{"a":0,"k":[0,0],"ix":1},"s":{"a":0,"k":[100,100],"ix":3},"r":{"a":0,"k":0,"ix":6},"o":{"a":0,"k":0,"ix":7},"sk":{"a":0,"k":0,"ix":4},"sa":{"a":0,"k":0,"ix":5},"nm":"Transform"}],"nm":"Group 2","np":2,"cix":2,"bm":0,"ix":2,"mn":"ADBE Vector Group","hd":false},{"ty":"tm","s":{"a":0,"k":0,"ix":1},"e":{"a":0,"k":25,"ix":2},"o":{"a":1,"k":[{"i":{"x":[0.833],"y":[0.833]},"o":{"x":[0.167],"y":[0.167]},"t":53,"s":[222.222]},{"t":69,"s":[577.778],"h":1},{"i":{"x":[0.833],"y":[0.833]},"o":{"x":[0.167],"y":[0.167]},"t":134,"s":[222.222]},{"t":150,"s":[577.778],"h":1},{"i":{"x":[0.833],"y":[0.833]},"o":{"x":[0.167],"y":[0.167]},"t":215,"s":[222.222]},{"t":231,"s":[577.778],"h":1}],"ix":3},"m":2,"ix":3,"nm":"Trim Paths 1","mn":"ADBE Vector Filter - Trim","hd":false}],"ip":60,"op":223,"st":0,"bm":0},{"ddd":0,"ind":21,"ty":4,"nm":"02","parent":31,"sr":1,"ks":{"o":{"a":0,"k":100,"ix":11},"r":{"a":0,"k":90,"ix":10},"p":{"a":0,"k":[0,-282,0],"ix":2},"a":{"a":0,"k":[0,0,0],"ix":1},"s":{"a":0,"k":[100,100,100],"ix":6}},"ao":0,"shapes":[{"ty":"gr","it":[{"ind":0,"ty":"sh","ix":1,"ks":{"a":0,"k":{"i":[[4.625,0],[0,-129.235],[-4.625,0]],"o":[[-4.625,0],[0,129.235],[4.625,0]],"v":[[0,-234],[-8.375,0],[0,234]],"c":false},"ix":2},"nm":"Path 1","mn":"ADBE Vector Shape - Group","hd":false},{"ty":"st","c":{"a":0,"k":[0.1803921568627451,0.07450980392156863,0.011764705882352941,1],"ix":3},"o":{"a":0,"k":100,"ix":4},"w":{"a":0,"k":7,"ix":5},"lc":2,"lj":1,"ml":10,"bm":0,"nm":"Stroke 1","mn":"ADBE Vector Graphic - Stroke","hd":false},{"ty":"tr","p":{"a":0,"k":[0,0],"ix":2},"a":{"a":0,"k":[0,0],"ix":1},"s":{"a":0,"k":[100,100],"ix":3},"r":{"a":0,"k":0,"ix":6},"o":{"a":0,"k":100,"ix":7},"sk":{"a":0,"k":0,"ix":4},"sa":{"a":0,"k":0,"ix":5},"nm":"Transform"}],"nm":"Group 1","np":2,"cix":2,"bm":0,"ix":1,"mn":"ADBE Vector Group","hd":false},{"ty":"gr","it":[{"ind":0,"ty":"sh","ix":1,"ks":{"a":0,"k":{"i":[[-4.625,0],[0,129.235],[4.625,0]],"o":[[4.625,0],[0,-129.235],[-4.625,0]],"v":[[0,234],[8.375,0],[0,-234]],"c":false},"ix":2},"nm":"Path 1","mn":"ADBE Vector Shape - Group","hd":false},{"ty":"st","c":{"a":0,"k":[0.1803921568627451,0.07450980392156863,0.011764705882352941,1],"ix":3},"o":{"a":0,"k":100,"ix":4},"w":{"a":0,"k":7,"ix":5},"lc":2,"lj":1,"ml":10,"bm":0,"nm":"Stroke 1","mn":"ADBE Vector Graphic - Stroke","hd":false},{"ty":"tr","p":{"a":0,"k":[0,0],"ix":2},"a":{"a":0,"k":[0,0],"ix":1},"s":{"a":0,"k":[100,100],"ix":3},"r":{"a":0,"k":0,"ix":6},"o":{"a":0,"k":0,"ix":7},"sk":{"a":0,"k":0,"ix":4},"sa":{"a":0,"k":0,"ix":5},"nm":"Transform"}],"nm":"Group 2","np":2,"cix":2,"bm":0,"ix":2,"mn":"ADBE Vector Group","hd":false},{"ty":"tm","s":{"a":0,"k":0,"ix":1},"e":{"a":0,"k":10,"ix":2},"o":{"a":1,"k":[{"i":{"x":[0.833],"y":[0.833]},"o":{"x":[0.167],"y":[0.167]},"t":70,"s":[222.222]},{"t":86,"s":[577.778],"h":1},{"i":{"x":[0.833],"y":[0.833]},"o":{"x":[0.167],"y":[0.167]},"t":112,"s":[222.222]},{"t":128,"s":[577.778],"h":1},{"i":{"x":[0.833],"y":[0.833]},"o":{"x":[0.167],"y":[0.167]},"t":151,"s":[222.222]},{"t":167,"s":[577.778],"h":1},{"i":{"x":[0.833],"y":[0.833]},"o":{"x":[0.167],"y":[0.167]},"t":193,"s":[222.222]},{"t":209,"s":[577.778],"h":1}],"ix":3},"m":2,"ix":3,"nm":"Trim Paths 1","mn":"ADBE Vector Filter - Trim","hd":false}],"ip":60,"op":223,"st":0,"bm":0},{"ddd":0,"ind":22,"ty":4,"nm":"01","parent":31,"sr":1,"ks":{"o":{"a":0,"k":100,"ix":11},"r":{"a":0,"k":90,"ix":10},"p":{"a":0,"k":[0,-328,0],"ix":2},"a":{"a":0,"k":[0,0,0],"ix":1},"s":{"a":0,"k":[100,100,100],"ix":6}},"ao":0,"shapes":[{"ty":"gr","it":[{"ind":0,"ty":"sh","ix":1,"ks":{"a":0,"k":{"i":[[6.765,0],[0,-129.235],[-6.765,0]],"o":[[-6.765,0],[0,129.235],[6.765,0]],"v":[[0,-234],[-12.25,0],[0,234]],"c":false},"ix":2},"nm":"Path 1","mn":"ADBE Vector Shape - Group","hd":false},{"ty":"st","c":{"a":0,"k":[0.1803921568627451,0.07450980392156863,0.011764705882352941,1],"ix":3},"o":{"a":0,"k":100,"ix":4},"w":{"a":0,"k":7,"ix":5},"lc":2,"lj":1,"ml":10,"bm":0,"nm":"Stroke 1","mn":"ADBE Vector Graphic - Stroke","hd":false},{"ty":"tr","p":{"a":0,"k":[0,0],"ix":2},"a":{"a":0,"k":[0,0],"ix":1},"s":{"a":0,"k":[100,100],"ix":3},"r":{"a":0,"k":0,"ix":6},"o":{"a":0,"k":100,"ix":7},"sk":{"a":0,"k":0,"ix":4},"sa":{"a":0,"k":0,"ix":5},"nm":"Transform"}],"nm":"Group 1","np":2,"cix":2,"bm":0,"ix":1,"mn":"ADBE Vector Group","hd":false},{"ty":"gr","it":[{"ind":0,"ty":"sh","ix":1,"ks":{"a":0,"k":{"i":[[-6.765,0],[0,129.235],[6.765,0]],"o":[[6.765,0],[0,-129.235],[-6.765,0]],"v":[[0,234],[12.25,0],[0,-234]],"c":false},"ix":2},"nm":"Path 1","mn":"ADBE Vector Shape - Group","hd":false},{"ty":"st","c":{"a":0,"k":[0.1803921568627451,0.07450980392156863,0.011764705882352941,1],"ix":3},"o":{"a":0,"k":100,"ix":4},"w":{"a":0,"k":7,"ix":5},"lc":2,"lj":1,"ml":10,"bm":0,"nm":"Stroke 1","mn":"ADBE Vector Graphic - Stroke","hd":false},{"ty":"tr","p":{"a":0,"k":[0,0],"ix":2},"a":{"a":0,"k":[0,0],"ix":1},"s":{"a":0,"k":[100,100],"ix":3},"r":{"a":0,"k":0,"ix":6},"o":{"a":0,"k":0,"ix":7},"sk":{"a":0,"k":0,"ix":4},"sa":{"a":0,"k":0,"ix":5},"nm":"Transform"}],"nm":"Group 2","np":2,"cix":2,"bm":0,"ix":2,"mn":"ADBE Vector Group","hd":false},{"ty":"tm","s":{"a":0,"k":0,"ix":1},"e":{"a":0,"k":20,"ix":2},"o":{"a":1,"k":[{"i":{"x":[0.833],"y":[0.833]},"o":{"x":[0.167],"y":[0.167]},"t":65,"s":[222.222]},{"t":81,"s":[577.778],"h":1},{"i":{"x":[0.833],"y":[0.833]},"o":{"x":[0.167],"y":[0.167]},"t":107,"s":[222.222]},{"t":123,"s":[577.778],"h":1},{"i":{"x":[0.833],"y":[0.833]},"o":{"x":[0.167],"y":[0.167]},"t":146,"s":[222.222]},{"t":162,"s":[577.778],"h":1},{"i":{"x":[0.833],"y":[0.833]},"o":{"x":[0.167],"y":[0.167]},"t":188,"s":[222.222]},{"t":204,"s":[577.778],"h":1}],"ix":3},"m":2,"ix":3,"nm":"Trim Paths 1","mn":"ADBE Vector Filter - Trim","hd":false}],"ip":60,"op":223,"st":0,"bm":0},{"ddd":0,"ind":23,"ty":4,"nm":"basketball shadow","parent":31,"sr":1,"ks":{"o":{"a":0,"k":100,"ix":11},"r":{"a":0,"k":0,"ix":10},"p":{"a":0,"k":[12.439,-208.711,0],"ix":2},"a":{"a":0,"k":[12.439,-208.711,0],"ix":1},"s":{"a":0,"k":[100,100,100],"ix":6}},"ao":0,"shapes":[{"ty":"gr","it":[{"ind":0,"ty":"sh","ix":1,"ks":{"a":0,"k":{"i":[[-0.44,-2.202],[2.525,-21.331],[106.043,9.353],[26.871,18.154],[-1.124,-1.94],[-82.929,11.931],[-20.228,69.067],[34.37,45.135]],"o":[[3.978,19.916],[-12.513,105.717],[-34.618,-3.053],[-1.858,-1.255],[36.433,62.869],[71.235,-10.248],[18.166,-62.024],[-1.361,-1.787]],"v":[[145.325,-357.041],[147.745,-294.9],[-65.982,-121.263],[-159.198,-154.262],[-162.204,-151.436],[29.369,-59.937],[179.426,-190.754],[149.095,-358.717]],"c":true},"ix":2},"nm":"Path 1","mn":"ADBE Vector Shape - Group","hd":false},{"ty":"fl","c":{"a":0,"k":[0.1803921568627451,0.07450980392156863,0.011764705882352941,1],"ix":4},"o":{"a":0,"k":12,"ix":5},"r":1,"bm":0,"nm":"Fill 1","mn":"ADBE Vector Graphic - Fill","hd":false},{"ty":"tr","p":{"a":0,"k":[0,0],"ix":2},"a":{"a":0,"k":[0,0],"ix":1},"s":{"a":0,"k":[100,100],"ix":3},"r":{"a":0,"k":0,"ix":6},"o":{"a":0,"k":100,"ix":7},"sk":{"a":0,"k":0,"ix":4},"sa":{"a":0,"k":0,"ix":5},"nm":"Transform"}],"nm":"Group 1","np":2,"cix":2,"bm":0,"ix":1,"mn":"ADBE Vector Group","hd":false}],"ip":0,"op":1800,"st":0,"bm":0},{"ddd":0,"ind":24,"ty":4,"nm":"basketball matte 02","parent":31,"td":1,"sr":1,"ks":{"o":{"a":0,"k":100,"ix":11},"r":{"a":0,"k":0,"ix":10},"p":{"a":0,"k":[0,-46.621,0],"ix":2},"a":{"a":0,"k":[0,-46.621,0],"ix":1},"s":{"a":0,"k":[100,100,100],"ix":6}},"ao":0,"shapes":[{"ty":"gr","it":[{"ind":0,"ty":"sh","ix":1,"ks":{"a":0,"k":{"i":[[0,-109.7],[109.7,0],[0,109.7],[-109.7,0]],"o":[[0,109.7],[-109.7,0],[0,-109.7],[109.7,0]],"v":[[198.63,-245.25],[0,-46.621],[-198.63,-245.25],[0,-443.88]],"c":true},"ix":2},"nm":"Path 1","mn":"ADBE Vector Shape - Group","hd":false},{"ty":"fl","c":{"a":0,"k":[0.49411764705882355,0.30196078431372547,0.25098039215686274,1],"ix":4},"o":{"a":0,"k":100,"ix":5},"r":1,"bm":0,"nm":"Fill 1","mn":"ADBE Vector Graphic - Fill","hd":false},{"ty":"tr","p":{"a":0,"k":[0,0],"ix":2},"a":{"a":0,"k":[0,0],"ix":1},"s":{"a":0,"k":[100,100],"ix":3},"r":{"a":0,"k":0,"ix":6},"o":{"a":0,"k":100,"ix":7},"sk":{"a":0,"k":0,"ix":4},"sa":{"a":0,"k":0,"ix":5},"nm":"Transform"}],"nm":"Group 1","np":2,"cix":2,"bm":0,"ix":1,"mn":"ADBE Vector Group","hd":false}],"ip":0,"op":1800,"st":0,"bm":0},{"ddd":0,"ind":25,"ty":4,"nm":"basketball uv map 02","parent":31,"tt":1,"sr":1,"ks":{"o":{"a":0,"k":100,"ix":11},"r":{"a":0,"k":0,"ix":10},"p":{"a":1,"k":[{"i":{"x":0.833,"y":0.833},"o":{"x":0.167,"y":0.167},"t":60,"s":[256.071,-245.25,0],"to":[0,0,0],"ti":[0,0,0]},{"i":{"x":0.833,"y":0.833},"o":{"x":0.167,"y":0.167},"t":61,"s":[224.051,-245.25,0],"to":[0,0,0],"ti":[0,0,0]},{"t":76,"s":[-256.229,-245.25,0],"h":1},{"i":{"x":0.833,"y":0.833},"o":{"x":0.167,"y":0.167},"t":77,"s":[224.051,-245.25,0],"to":[0,0,0],"ti":[0,0,0]},{"t":92,"s":[-256.229,-245.25,0],"h":1},{"i":{"x":0.833,"y":0.833},"o":{"x":0.167,"y":0.167},"t":93,"s":[224.051,-245.25,0],"to":[0,0,0],"ti":[0,0,0]},{"t":108,"s":[-256.229,-245.25,0],"h":1},{"i":{"x":0.833,"y":0.833},"o":{"x":0.167,"y":0.167},"t":109,"s":[224.051,-245.25,0],"to":[0,0,0],"ti":[0,0,0]},{"t":124,"s":[-256.229,-245.25,0],"h":1},{"i":{"x":0.833,"y":0.833},"o":{"x":0.167,"y":0.167},"t":125,"s":[224.051,-245.25,0],"to":[0,0,0],"ti":[0,0,0]},{"t":140,"s":[-256.229,-245.25,0],"h":1}],"ix":2},"a":{"a":0,"k":[256.071,-245.25,0],"ix":1},"s":{"a":0,"k":[100,100,100],"ix":6}},"ao":0,"shapes":[{"ty":"gr","it":[{"ind":0,"ty":"sh","ix":1,"ks":{"a":0,"k":{"i":[[0,-82.665],[111.741,0],[0,82.665],[-111.741,0]],"o":[[0,82.665],[-111.741,0],[0,-82.665],[111.741,0]],"v":[[970.538,-245.25],[768.213,-95.573],[565.889,-245.25],[768.213,-394.928]],"c":true},"ix":2},"nm":"Path 1","mn":"ADBE Vector Shape - Group","hd":false},{"ty":"st","c":{"a":0,"k":[0.1803921568627451,0.07450980392156863,0.011764705882352941,1],"ix":3},"o":{"a":0,"k":100,"ix":4},"w":{"a":0,"k":10,"ix":5},"lc":1,"lj":1,"ml":10,"bm":0,"nm":"Stroke 1","mn":"ADBE Vector Graphic - Stroke","hd":false},{"ty":"tr","p":{"a":0,"k":[0,0],"ix":2},"a":{"a":0,"k":[0,0],"ix":1},"s":{"a":0,"k":[100,100],"ix":3},"r":{"a":0,"k":0,"ix":6},"o":{"a":0,"k":100,"ix":7},"sk":{"a":0,"k":0,"ix":4},"sa":{"a":0,"k":0,"ix":5},"nm":"Transform"}],"nm":"Group 1","np":2,"cix":2,"bm":0,"ix":1,"mn":"ADBE Vector Group","hd":false},{"ty":"gr","it":[{"ind":0,"ty":"sh","ix":1,"ks":{"a":0,"k":{"i":[[0,-82.665],[111.741,0],[0,82.665],[-111.741,0]],"o":[[0,82.665],[-111.741,0],[0,-82.665],[111.741,0]],"v":[[458.395,-245.25],[256.071,-95.573],[53.747,-245.25],[256.071,-394.928]],"c":true},"ix":2},"nm":"Path 1","mn":"ADBE Vector Shape - Group","hd":false},{"ty":"st","c":{"a":0,"k":[0.1803921568627451,0.07450980392156863,0.011764705882352941,1],"ix":3},"o":{"a":0,"k":100,"ix":4},"w":{"a":0,"k":10,"ix":5},"lc":1,"lj":1,"ml":10,"bm":0,"nm":"Stroke 1","mn":"ADBE Vector Graphic - Stroke","hd":false},{"ty":"tr","p":{"a":0,"k":[0,0],"ix":2},"a":{"a":0,"k":[0,0],"ix":1},"s":{"a":0,"k":[100,100],"ix":3},"r":{"a":0,"k":0,"ix":6},"o":{"a":0,"k":100,"ix":7},"sk":{"a":0,"k":0,"ix":4},"sa":{"a":0,"k":0,"ix":5},"nm":"Transform"}],"nm":"Group 2","np":2,"cix":2,"bm":0,"ix":2,"mn":"ADBE Vector Group","hd":false},{"ty":"gr","it":[{"ind":0,"ty":"sh","ix":1,"ks":{"a":0,"k":{"i":[[0,-82.665],[111.741,0],[0,82.665],[-111.741,0]],"o":[[0,82.665],[-111.741,0],[0,-82.665],[111.741,0]],"v":[[-53.747,-245.25],[-256.071,-95.573],[-458.395,-245.25],[-256.071,-394.928]],"c":true},"ix":2},"nm":"Path 1","mn":"ADBE Vector Shape - Group","hd":false},{"ty":"st","c":{"a":0,"k":[0.1803921568627451,0.07450980392156863,0.011764705882352941,1],"ix":3},"o":{"a":0,"k":100,"ix":4},"w":{"a":0,"k":10,"ix":5},"lc":1,"lj":1,"ml":10,"bm":0,"nm":"Stroke 1","mn":"ADBE Vector Graphic - Stroke","hd":false},{"ty":"tr","p":{"a":0,"k":[0,0],"ix":2},"a":{"a":0,"k":[0,0],"ix":1},"s":{"a":0,"k":[100,100],"ix":3},"r":{"a":0,"k":0,"ix":6},"o":{"a":0,"k":100,"ix":7},"sk":{"a":0,"k":0,"ix":4},"sa":{"a":0,"k":0,"ix":5},"nm":"Transform"}],"nm":"Group 3","np":2,"cix":2,"bm":0,"ix":3,"mn":"ADBE Vector Group","hd":false},{"ty":"gr","it":[{"ind":0,"ty":"sh","ix":1,"ks":{"a":0,"k":{"i":[[0,0],[0,0]],"o":[[0,0],[0,0]],"v":[[-458.395,-245.25],[970.538,-245.25]],"c":false},"ix":2},"nm":"Path 1","mn":"ADBE Vector Shape - Group","hd":false},{"ty":"st","c":{"a":0,"k":[0.1803921568627451,0.07450980392156863,0.011764705882352941,1],"ix":3},"o":{"a":0,"k":100,"ix":4},"w":{"a":0,"k":10,"ix":5},"lc":1,"lj":1,"ml":10,"bm":0,"nm":"Stroke 1","mn":"ADBE Vector Graphic - Stroke","hd":false},{"ty":"tr","p":{"a":0,"k":[0,0],"ix":2},"a":{"a":0,"k":[0,0],"ix":1},"s":{"a":0,"k":[100,100],"ix":3},"r":{"a":0,"k":0,"ix":6},"o":{"a":0,"k":100,"ix":7},"sk":{"a":0,"k":0,"ix":4},"sa":{"a":0,"k":0,"ix":5},"nm":"Transform"}],"nm":"Group 4","np":2,"cix":2,"bm":0,"ix":4,"mn":"ADBE Vector Group","hd":false}],"ip":0,"op":1800,"st":0,"bm":0},{"ddd":0,"ind":26,"ty":4,"nm":"basketball matte","parent":31,"td":1,"sr":1,"ks":{"o":{"a":0,"k":100,"ix":11},"r":{"a":0,"k":0,"ix":10},"p":{"a":0,"k":[0,-46.621,0],"ix":2},"a":{"a":0,"k":[0,-46.621,0],"ix":1},"s":{"a":0,"k":[100,100,100],"ix":6}},"ao":0,"shapes":[{"ty":"gr","it":[{"ind":0,"ty":"sh","ix":1,"ks":{"a":0,"k":{"i":[[0,-109.7],[109.7,0],[0,109.7],[-109.7,0]],"o":[[0,109.7],[-109.7,0],[0,-109.7],[109.7,0]],"v":[[198.63,-245.25],[0,-46.621],[-198.63,-245.25],[0,-443.88]],"c":true},"ix":2},"nm":"Path 1","mn":"ADBE Vector Shape - Group","hd":false},{"ty":"fl","c":{"a":0,"k":[0.1803921568627451,0.07450980392156863,0.011764705882352941,1],"ix":4},"o":{"a":0,"k":100,"ix":5},"r":1,"bm":0,"nm":"Fill 1","mn":"ADBE Vector Graphic - Fill","hd":false},{"ty":"tr","p":{"a":0,"k":[0,0],"ix":2},"a":{"a":0,"k":[0,0],"ix":1},"s":{"a":0,"k":[100,100],"ix":3},"r":{"a":0,"k":0,"ix":6},"o":{"a":0,"k":100,"ix":7},"sk":{"a":0,"k":0,"ix":4},"sa":{"a":0,"k":0,"ix":5},"nm":"Transform"}],"nm":"Group 1","np":2,"cix":2,"bm":0,"ix":1,"mn":"ADBE Vector Group","hd":false}],"ip":0,"op":1800,"st":0,"bm":0},{"ddd":0,"ind":27,"ty":4,"nm":"basketball uv map 01","parent":31,"tt":1,"sr":1,"ks":{"o":{"a":0,"k":100,"ix":11},"r":{"a":0,"k":0,"ix":10},"p":{"a":0,"k":[0,-245.25,0],"ix":2},"a":{"a":0,"k":[0,-245.25,0],"ix":1},"s":{"a":0,"k":[100,100,100],"ix":6}},"ao":0,"shapes":[{"ty":"gr","it":[{"ind":0,"ty":"sh","ix":1,"ks":{"a":1,"k":[{"i":{"x":0.833,"y":0.833},"o":{"x":0.167,"y":0.167},"t":60,"s":[{"i":[[0,-23.344],[0,-113.749],[0,-22.407]],"o":[[0,23.344],[0,104.251],[0,22.407]],"v":[[0,-452.344],[0,-245.251],[0,-38.157]],"c":false}]},{"t":66,"s":[{"i":[[23.427,0],[0,-154.496],[-69.244,0]],"o":[[-69.244,0],[0,157.504],[22.486,0]],"v":[[0.229,-452.344],[-207,-244.504],[0.229,-38.157]],"c":false}],"h":1},{"i":{"x":0.833,"y":0.833},"o":{"x":0.167,"y":0.167},"t":70,"s":[{"i":[[-23.344,0],[0,-154.496],[69,0]],"o":[[69,0],[0,157.504],[-22.407,0]],"v":[[0,-452.344],[206.5,-244.504],[0,-38.157]],"c":false}]},{"i":{"x":0.833,"y":0.833},"o":{"x":0.167,"y":0.167},"t":76,"s":[{"i":[[0,-23.344],[0,-113.749],[0,-22.407]],"o":[[0,23.344],[0,104.251],[0,22.407]],"v":[[0,-452.344],[0,-245.251],[0,-38.157]],"c":false}]},{"t":82,"s":[{"i":[[23.427,0],[0,-154.496],[-69.244,0]],"o":[[-69.244,0],[0,157.504],[22.486,0]],"v":[[0.229,-452.344],[-207,-244.504],[0.229,-38.157]],"c":false}],"h":1},{"i":{"x":0.833,"y":0.833},"o":{"x":0.167,"y":0.167},"t":86,"s":[{"i":[[-23.344,0],[0,-154.496],[69,0]],"o":[[69,0],[0,157.504],[-22.407,0]],"v":[[0,-452.344],[206.5,-244.504],[0,-38.157]],"c":false}]},{"i":{"x":0.833,"y":0.833},"o":{"x":0.167,"y":0.167},"t":92,"s":[{"i":[[0,-23.344],[0,-113.749],[0,-22.407]],"o":[[0,23.344],[0,104.251],[0,22.407]],"v":[[0,-452.344],[0,-245.251],[0,-38.157]],"c":false}]},{"t":98,"s":[{"i":[[23.427,0],[0,-154.496],[-69.244,0]],"o":[[-69.244,0],[0,157.504],[22.486,0]],"v":[[0.229,-452.344],[-207,-244.504],[0.229,-38.157]],"c":false}],"h":1},{"i":{"x":0.833,"y":0.833},"o":{"x":0.167,"y":0.167},"t":102,"s":[{"i":[[-23.344,0],[0,-154.496],[69,0]],"o":[[69,0],[0,157.504],[-22.407,0]],"v":[[0,-452.344],[206.5,-244.504],[0,-38.157]],"c":false}]},{"i":{"x":0.833,"y":0.833},"o":{"x":0.167,"y":0.167},"t":108,"s":[{"i":[[0,-23.344],[0,-113.749],[0,-22.407]],"o":[[0,23.344],[0,104.251],[0,22.407]],"v":[[0,-452.344],[0,-245.251],[0,-38.157]],"c":false}]},{"t":114,"s":[{"i":[[23.427,0],[0,-154.496],[-69.244,0]],"o":[[-69.244,0],[0,157.504],[22.486,0]],"v":[[0.229,-452.344],[-207,-244.504],[0.229,-38.157]],"c":false}],"h":1},{"i":{"x":0.833,"y":0.833},"o":{"x":0.167,"y":0.167},"t":118,"s":[{"i":[[-23.344,0],[0,-154.496],[69,0]],"o":[[69,0],[0,157.504],[-22.407,0]],"v":[[0,-452.344],[206.5,-244.504],[0,-38.157]],"c":false}]},{"i":{"x":0.833,"y":0.833},"o":{"x":0.167,"y":0.167},"t":124,"s":[{"i":[[0,-23.344],[0,-113.749],[0,-22.407]],"o":[[0,23.344],[0,104.251],[0,22.407]],"v":[[0,-452.344],[0,-245.251],[0,-38.157]],"c":false}]},{"t":130,"s":[{"i":[[23.427,0],[0,-154.496],[-69.244,0]],"o":[[-69.244,0],[0,157.504],[22.486,0]],"v":[[0.229,-452.344],[-207,-244.504],[0.229,-38.157]],"c":false}],"h":1},{"i":{"x":0.833,"y":0.833},"o":{"x":0.167,"y":0.167},"t":134,"s":[{"i":[[-23.344,0],[0,-154.496],[69,0]],"o":[[69,0],[0,157.504],[-22.407,0]],"v":[[0,-452.344],[206.5,-244.504],[0,-38.157]],"c":false}]},{"i":{"x":0.833,"y":0.833},"o":{"x":0.167,"y":0.167},"t":140,"s":[{"i":[[0,-23.344],[0,-113.749],[0,-22.407]],"o":[[0,23.344],[0,104.251],[0,22.407]],"v":[[0,-452.344],[0,-245.251],[0,-38.157]],"c":false}]},{"t":146,"s":[{"i":[[23.427,0],[0,-154.496],[-69.244,0]],"o":[[-69.244,0],[0,157.504],[22.486,0]],"v":[[0.229,-452.344],[-207,-244.504],[0.229,-38.157]],"c":false}],"h":1},{"i":{"x":0.833,"y":0.833},"o":{"x":0.167,"y":0.167},"t":150,"s":[{"i":[[-23.344,0],[0,-154.496],[69,0]],"o":[[69,0],[0,157.504],[-22.407,0]],"v":[[0,-452.344],[206.5,-244.504],[0,-38.157]],"c":false}]},{"i":{"x":0.833,"y":0.833},"o":{"x":0.167,"y":0.167},"t":156,"s":[{"i":[[0,-23.344],[0,-113.749],[0,-22.407]],"o":[[0,23.344],[0,104.251],[0,22.407]],"v":[[0,-452.344],[0,-245.251],[0,-38.157]],"c":false}]},{"t":162,"s":[{"i":[[23.427,0],[0,-154.496],[-69.244,0]],"o":[[-69.244,0],[0,157.504],[22.486,0]],"v":[[0.229,-452.344],[-207,-244.504],[0.229,-38.157]],"c":false}],"h":1},{"i":{"x":0.833,"y":0.833},"o":{"x":0.167,"y":0.167},"t":166,"s":[{"i":[[-23.344,0],[0,-154.496],[69,0]],"o":[[69,0],[0,157.504],[-22.407,0]],"v":[[0,-452.344],[206.5,-244.504],[0,-38.157]],"c":false}]},{"i":{"x":0.833,"y":0.833},"o":{"x":0.167,"y":0.167},"t":172,"s":[{"i":[[0,-23.344],[0,-113.749],[0,-22.407]],"o":[[0,23.344],[0,104.251],[0,22.407]],"v":[[0,-452.344],[0,-245.251],[0,-38.157]],"c":false}]},{"t":178,"s":[{"i":[[23.427,0],[0,-154.496],[-69.244,0]],"o":[[-69.244,0],[0,157.504],[22.486,0]],"v":[[0.229,-452.344],[-207,-244.504],[0.229,-38.157]],"c":false}],"h":1},{"i":{"x":0.833,"y":0.833},"o":{"x":0.167,"y":0.167},"t":182,"s":[{"i":[[-23.344,0],[0,-154.496],[69,0]],"o":[[69,0],[0,157.504],[-22.407,0]],"v":[[0,-452.344],[206.5,-244.504],[0,-38.157]],"c":false}]},{"i":{"x":0.833,"y":0.833},"o":{"x":0.167,"y":0.167},"t":188,"s":[{"i":[[0,-23.344],[0,-113.749],[0,-22.407]],"o":[[0,23.344],[0,104.251],[0,22.407]],"v":[[0,-452.344],[0,-245.251],[0,-38.157]],"c":false}]},{"t":194,"s":[{"i":[[23.427,0],[0,-154.496],[-69.244,0]],"o":[[-69.244,0],[0,157.504],[22.486,0]],"v":[[0.229,-452.344],[-207,-244.504],[0.229,-38.157]],"c":false}],"h":1},{"i":{"x":0.833,"y":0.833},"o":{"x":0.167,"y":0.167},"t":198,"s":[{"i":[[-23.344,0],[0,-154.496],[69,0]],"o":[[69,0],[0,157.504],[-22.407,0]],"v":[[0,-452.344],[206.5,-244.504],[0,-38.157]],"c":false}]},{"i":{"x":0.833,"y":0.833},"o":{"x":0.167,"y":0.167},"t":204,"s":[{"i":[[0,-23.344],[0,-113.749],[0,-22.407]],"o":[[0,23.344],[0,104.251],[0,22.407]],"v":[[0,-452.344],[0,-245.251],[0,-38.157]],"c":false}]},{"t":210,"s":[{"i":[[23.427,0],[0,-154.496],[-69.244,0]],"o":[[-69.244,0],[0,157.504],[22.486,0]],"v":[[0.229,-452.344],[-207,-244.504],[0.229,-38.157]],"c":false}],"h":1},{"i":{"x":0.833,"y":0.833},"o":{"x":0.167,"y":0.167},"t":214,"s":[{"i":[[-23.344,0],[0,-154.496],[69,0]],"o":[[69,0],[0,157.504],[-22.407,0]],"v":[[0,-452.344],[206.5,-244.504],[0,-38.157]],"c":false}]},{"i":{"x":0.833,"y":0.833},"o":{"x":0.167,"y":0.167},"t":220,"s":[{"i":[[0,-23.344],[0,-113.749],[0,-22.407]],"o":[[0,23.344],[0,104.251],[0,22.407]],"v":[[0,-452.344],[0,-245.251],[0,-38.157]],"c":false}]},{"t":226,"s":[{"i":[[23.427,0],[0,-154.496],[-69.244,0]],"o":[[-69.244,0],[0,157.504],[22.486,0]],"v":[[0.229,-452.344],[-207,-244.504],[0.229,-38.157]],"c":false}],"h":1}],"ix":2},"nm":"Path 1","mn":"ADBE Vector Shape - Group","hd":false},{"ty":"st","c":{"a":0,"k":[0.1803921568627451,0.07450980392156863,0.011764705882352941,1],"ix":3},"o":{"a":0,"k":100,"ix":4},"w":{"a":0,"k":10,"ix":5},"lc":1,"lj":1,"ml":10,"bm":0,"nm":"Stroke 1","mn":"ADBE Vector Graphic - Stroke","hd":false},{"ty":"tr","p":{"a":0,"k":[0,0],"ix":2},"a":{"a":0,"k":[0,0],"ix":1},"s":{"a":0,"k":[100,100],"ix":3},"r":{"a":0,"k":0,"ix":6},"o":{"a":0,"k":100,"ix":7},"sk":{"a":0,"k":0,"ix":4},"sa":{"a":0,"k":0,"ix":5},"nm":"Transform"}],"nm":"01","np":2,"cix":2,"bm":0,"ix":1,"mn":"ADBE Vector Group","hd":false}],"ip":0,"op":1800,"st":0,"bm":0},{"ddd":0,"ind":28,"ty":3,"nm":"NULL basketball wrist","parent":12,"sr":1,"ks":{"o":{"a":0,"k":0,"ix":11},"r":{"a":1,"k":[{"i":{"x":[0.6],"y":[1]},"o":{"x":[0.4],"y":[0]},"t":60,"s":[-3]},{"i":{"x":[0.6],"y":[1]},"o":{"x":[0.4],"y":[0]},"t":100,"s":[3]},{"t":141,"s":[-3]}],"ix":10},"p":{"a":0,"k":[0,-46.621,0],"ix":2},"a":{"a":0,"k":[50,50,0],"ix":1},"s":{"a":0,"k":[100,100,100],"ix":6}},"ao":0,"ip":0,"op":1800,"st":0,"bm":0},{"ddd":0,"ind":29,"ty":3,"nm":"NULL basketball palm","parent":28,"sr":1,"ks":{"o":{"a":0,"k":0,"ix":11},"r":{"a":1,"k":[{"i":{"x":[0.6],"y":[1]},"o":{"x":[0.4],"y":[0]},"t":-11,"s":[-2]},{"i":{"x":[0.6],"y":[1]},"o":{"x":[0.4],"y":[0]},"t":29,"s":[2]},{"i":{"x":[0.6],"y":[1]},"o":{"x":[0.4],"y":[0]},"t":70,"s":[-2]},{"i":{"x":[0.6],"y":[1]},"o":{"x":[0.4],"y":[0]},"t":110,"s":[2]},{"t":151,"s":[-2]}],"ix":10},"p":{"a":0,"k":[50,50,0],"ix":2},"a":{"a":0,"k":[50,50,0],"ix":1},"s":{"a":0,"k":[100,100,100],"ix":6}},"ao":0,"ip":0,"op":1800,"st":0,"bm":0},{"ddd":0,"ind":30,"ty":3,"nm":"NULL basketball fin","parent":29,"sr":1,"ks":{"o":{"a":0,"k":0,"ix":11},"r":{"a":1,"k":[{"i":{"x":[0.6],"y":[1]},"o":{"x":[0.4],"y":[0]},"t":-6,"s":[-2]},{"i":{"x":[0.6],"y":[1]},"o":{"x":[0.4],"y":[0]},"t":34,"s":[1]},{"i":{"x":[0.6],"y":[1]},"o":{"x":[0.4],"y":[0]},"t":75,"s":[-1]},{"i":{"x":[0.6],"y":[1]},"o":{"x":[0.4],"y":[0]},"t":115,"s":[1]},{"t":156,"s":[-1]}],"ix":10},"p":{"a":0,"k":[50,50,0],"ix":2},"a":{"a":0,"k":[50,50,0],"ix":1},"s":{"a":0,"k":[100,100,100],"ix":6}},"ao":0,"ip":0,"op":1800,"st":0,"bm":0},{"ddd":0,"ind":31,"ty":4,"nm":"basketball","parent":30,"sr":1,"ks":{"o":{"a":0,"k":100,"ix":11},"r":{"a":0,"k":0,"ix":10},"p":{"a":0,"k":[50,50,0],"ix":2},"a":{"a":0,"k":[0,-46.621,0],"ix":1},"s":{"a":1,"k":[{"i":{"x":[0.667,0.667,0.667],"y":[1,1,1]},"o":{"x":[0.333,0.333,0.333],"y":[0,0,0]},"t":60,"s":[100.5,99.5,100]},{"i":{"x":[0.667,0.667,0.667],"y":[1,1,1]},"o":{"x":[0.333,0.333,0.333],"y":[0,0,0]},"t":70,"s":[99.5,100.5,100]},{"i":{"x":[0.667,0.667,0.667],"y":[1,1,1]},"o":{"x":[0.333,0.333,0.333],"y":[0,0,0]},"t":80,"s":[100.5,99.5,100]},{"i":{"x":[0.667,0.667,0.667],"y":[1,1,1]},"o":{"x":[0.333,0.333,0.333],"y":[0,0,0]},"t":90,"s":[99.5,100.5,100]},{"i":{"x":[0.667,0.667,0.667],"y":[1,1,1]},"o":{"x":[0.333,0.333,0.333],"y":[0,0,0]},"t":100,"s":[100.5,99.5,100]},{"i":{"x":[0.667,0.667,0.667],"y":[1,1,1]},"o":{"x":[0.333,0.333,0.333],"y":[0,0,0]},"t":110,"s":[99.5,100.5,100]},{"i":{"x":[0.667,0.667,0.667],"y":[1,1,1]},"o":{"x":[0.333,0.333,0.333],"y":[0,0,0]},"t":120,"s":[100.5,99.5,100]},{"i":{"x":[0.667,0.667,0.667],"y":[1,1,1]},"o":{"x":[0.333,0.333,0.333],"y":[0,0,0]},"t":130,"s":[99.5,100.5,100]},{"t":140,"s":[100.5,99.5,100]}],"ix":6}},"ao":0,"shapes":[{"ty":"gr","it":[{"ind":0,"ty":"sh","ix":1,"ks":{"a":0,"k":{"i":[[0,-109.7],[109.7,0],[0,109.7],[-109.7,0]],"o":[[0,109.7],[-109.7,0],[0,-109.7],[109.7,0]],"v":[[198.63,-245.25],[0,-46.621],[-198.63,-245.25],[0,-443.88]],"c":true},"ix":2},"nm":"Path 1","mn":"ADBE Vector Shape - Group","hd":false},{"ty":"fl","c":{"a":0,"k":[0.9921568627450981,0.4235294117647059,0.08627450980392157,1],"ix":4},"o":{"a":0,"k":100,"ix":5},"r":1,"bm":0,"nm":"Fill 1","mn":"ADBE Vector Graphic - Fill","hd":false},{"ty":"tr","p":{"a":0,"k":[0,0],"ix":2},"a":{"a":0,"k":[0,0],"ix":1},"s":{"a":0,"k":[100,100],"ix":3},"r":{"a":0,"k":0,"ix":6},"o":{"a":0,"k":100,"ix":7},"sk":{"a":0,"k":0,"ix":4},"sa":{"a":0,"k":0,"ix":5},"nm":"Transform"}],"nm":"Group 1","np":2,"cix":2,"bm":0,"ix":1,"mn":"ADBE Vector Group","hd":false}],"ip":0,"op":1800,"st":0,"bm":0}]}],"layers":[{"ddd":0,"ind":1,"ty":0,"nm":"basketball","refId":"comp_0","sr":1,"ks":{"o":{"a":0,"k":100,"ix":11},"r":{"a":0,"k":0,"ix":10},"p":{"a":0,"k":[540,540,0],"ix":2},"a":{"a":0,"k":[540,540,0],"ix":1},"s":{"a":0,"k":[100,100,100],"ix":6}},"ao":0,"hasMask":true,"masksProperties":[{"inv":false,"mode":"a","pt":{"a":0,"k":{"i":[[0,0],[0,0],[0,0],[0,0]],"o":[[0,0],[0,0],[0,0],[0,0]],"v":[[0,0],[0,870],[1080,870],[1080,0]],"c":true},"ix":1},"o":{"a":0,"k":100,"ix":3},"x":{"a":0,"k":0,"ix":4},"nm":"Mask 1"}],"w":1080,"h":1080,"ip":60,"op":141,"st":0,"bm":0}],"markers":[{"tm":60,"cm":"","dr":0},{"tm":141,"cm":"","dr":0},{"tm":222,"cm":"","dr":0}]}