{"v":"5.6.9","fr":23.9759979248047,"ip":0,"op":95.9999916909097,"w":730,"h":100,"nm":"SUBMIT","ddd":0,"assets":[],"fonts":{"list":[{"fName":"Roboto-Bold","fFamily":"Roboto","fStyle":"Bold","ascent":77.171875}]},"layers":[{"ddd":0,"ind":1,"ty":4,"nm":"CHECK MARK","sr":1,"ks":{"o":{"a":1,"k":[{"i":{"x":[0.15],"y":[1]},"o":{"x":[0.85],"y":[0]},"t":64,"s":[0]},{"t":76.9999933354171,"s":[100]}],"ix":11},"r":{"a":0,"k":0,"ix":10},"p":{"a":0,"k":[365,49.699,0],"ix":2},"a":{"a":0,"k":[29.25,22.359,0],"ix":1},"s":{"a":1,"k":[{"i":{"x":[0.15,0.15,0.15],"y":[1,1,1]},"o":{"x":[0.85,0.85,0.85],"y":[0,0,0]},"t":64,"s":[0,0,100]},{"t":76.9999933354171,"s":[100,100,100]}],"ix":6}},"ao":0,"shapes":[{"ty":"gr","it":[{"ind":0,"ty":"sh","ix":1,"ks":{"a":0,"k":{"i":[[0,0],[0,0],[0,0],[0,0],[0,0],[0,0]],"o":[[0,0],[0,0],[0,0],[0,0],[0,0],[0,0]],"v":[[-10.568,12.777],[-24.318,-0.973],[-29,3.676],[-10.568,22.109],[29,-17.459],[24.35,-22.109]],"c":true},"ix":2},"nm":"Path 1","mn":"ADBE Vector Shape - Group","hd":false},{"ty":"fl","c":{"a":0,"k":[0.478431372549,0.854901960784,0.352941176471,1],"ix":4},"o":{"a":0,"k":100,"ix":5},"r":1,"bm":0,"nm":"Fill 1","mn":"ADBE Vector Graphic - Fill","hd":false},{"ty":"tr","p":{"a":0,"k":[29.25,22.359],"ix":2},"a":{"a":0,"k":[0,0],"ix":1},"s":{"a":0,"k":[100,100],"ix":3},"r":{"a":0,"k":0,"ix":6},"o":{"a":0,"k":100,"ix":7},"sk":{"a":0,"k":0,"ix":4},"sa":{"a":0,"k":0,"ix":5},"nm":"Transform"}],"nm":"Group 1","np":2,"cix":2,"bm":0,"ix":1,"mn":"ADBE Vector Group","hd":false}],"ip":63.9999944606064,"op":95.9999916909097,"st":-0.99999991344698,"bm":0},{"ddd":0,"ind":2,"ty":5,"nm":"LOGIN","sr":1,"ks":{"o":{"a":1,"k":[{"i":{"x":[0.833],"y":[0.833]},"o":{"x":[0.167],"y":[0.167]},"t":14,"s":[100]},{"t":20.9999981823865,"s":[0]}],"ix":11},"r":{"a":0,"k":0,"ix":10},"p":{"a":0,"k":[357.759,51.777,0],"ix":2},"a":{"a":0,"k":[52.137,-12.797,0],"ix":1},"s":{"a":0,"k":[100,100,100],"ix":6}},"ao":0,"t":{"d":{"k":[{"s":{"s":41,"f":"Roboto-Bold","t":"LOGIN","j":0,"tr":0,"lh":49.2,"ls":0,"fc":[0.478,0.855,0.353],"sc":[0,0,0],"sw":1,"of":true},"t":0}]},"p":{},"m":{"g":1,"a":{"a":0,"k":[0,0],"ix":2}},"a":[]},"ip":0,"op":95.9999916909097,"st":0,"bm":0},{"ddd":0,"ind":4,"ty":4,"nm":"CIRCLE SOCKET","td":1,"sr":1,"ks":{"o":{"a":0,"k":100,"ix":11},"r":{"a":0,"k":0,"ix":10},"p":{"a":0,"k":[365,50,0],"ix":2},"a":{"a":0,"k":[-2.5,-109.5,0],"ix":1},"s":{"a":0,"k":[100,100,100],"ix":6}},"ao":0,"shapes":[{"ty":"gr","it":[{"ty":"rc","d":1,"s":{"a":0,"k":[720,100],"ix":2},"p":{"a":0,"k":[0,0],"ix":3},"r":{"a":0,"k":20,"ix":4},"nm":"Rectangle Path 1","mn":"ADBE Vector Shape - Rect","hd":false},{"ty":"fl","c":{"a":0,"k":[0.298039215686,0.819607902976,0.215686289469,1],"ix":4},"o":{"a":0,"k":100,"ix":5},"r":1,"bm":0,"nm":"Fill 1","mn":"ADBE Vector Graphic - Fill","hd":false},{"ty":"tr","p":{"a":0,"k":[-2.5,-109.5],"ix":2},"a":{"a":0,"k":[0,0],"ix":1},"s":{"a":0,"k":[100,100],"ix":3},"r":{"a":0,"k":0,"ix":6},"o":{"a":0,"k":100,"ix":7},"sk":{"a":0,"k":0,"ix":4},"sa":{"a":0,"k":0,"ix":5},"nm":"Transform"}],"nm":"Rectangle 1","np":2,"cix":2,"bm":0,"ix":1,"mn":"ADBE Vector Group","hd":false}],"ip":4.99999956723488,"op":22.9999980092804,"st":4.99999956723488,"bm":0},{"ddd":0,"ind":5,"ty":4,"nm":"CIRCLE SCALE","tt":1,"sr":1,"ks":{"o":{"a":1,"k":[{"i":{"x":[0.833],"y":[0.833]},"o":{"x":[0.167],"y":[0.167]},"t":14,"s":[100]},{"t":20.9999981823865,"s":[0]}],"ix":11},"r":{"a":0,"k":0,"ix":10},"p":{"a":0,"k":[365,50,0],"ix":2},"a":{"a":0,"k":[41.5,-48.5,0],"ix":1},"s":{"a":1,"k":[{"i":{"x":[0.12,0.12,0.12],"y":[1,1,1]},"o":{"x":[0.88,0.88,0.88],"y":[0,0,0]},"t":6,"s":[65.169,65.169,100]},{"t":15.9999986151516,"s":[498.876,498.876,100]}],"ix":6}},"ao":0,"shapes":[{"ty":"gr","it":[{"d":1,"ty":"el","s":{"a":0,"k":[89,89],"ix":2},"p":{"a":0,"k":[0,0],"ix":3},"nm":"Ellipse Path 1","mn":"ADBE Vector Shape - Ellipse","hd":false},{"ty":"fl","c":{"a":0,"k":[0.180392156863,0.490196078431,0.196078431373,1],"ix":4},"o":{"a":0,"k":100,"ix":5},"r":1,"bm":0,"nm":"Fill 1","mn":"ADBE Vector Graphic - Fill","hd":false},{"ty":"tr","p":{"a":0,"k":[41.5,-48.5],"ix":2},"a":{"a":0,"k":[0,0],"ix":1},"s":{"a":0,"k":[197,197],"ix":3},"r":{"a":0,"k":0,"ix":6},"o":{"a":0,"k":100,"ix":7},"sk":{"a":0,"k":0,"ix":4},"sa":{"a":0,"k":0,"ix":5},"nm":"Transform"}],"nm":"Ellipse 1","np":3,"cix":2,"bm":0,"ix":1,"mn":"ADBE Vector Group","hd":false}],"ip":5.99999948068185,"op":22.9999980092804,"st":5.99999948068185,"bm":0},{"ddd":0,"ind":6,"ty":4,"nm":"LOADING SOCKET","td":1,"sr":1,"ks":{"o":{"a":0,"k":100,"ix":11},"r":{"a":0,"k":0,"ix":10},"p":{"a":0,"k":[365,50,0],"ix":2},"a":{"a":0,"k":[-2.5,-109.5,0],"ix":1},"s":{"a":0,"k":[100,100,100],"ix":6}},"ao":0,"shapes":[{"ty":"gr","it":[{"ty":"rc","d":1,"s":{"a":0,"k":[720,100],"ix":2},"p":{"a":0,"k":[0,0],"ix":3},"r":{"a":0,"k":20,"ix":4},"nm":"Rectangle Path 1","mn":"ADBE Vector Shape - Rect","hd":false},{"ty":"fl","c":{"a":0,"k":[0.298039215686,0.819607902976,0.215686289469,1],"ix":4},"o":{"a":0,"k":100,"ix":5},"r":1,"bm":0,"nm":"Fill 1","mn":"ADBE Vector Graphic - Fill","hd":false},{"ty":"tr","p":{"a":0,"k":[-2.5,-109.5],"ix":2},"a":{"a":0,"k":[0,0],"ix":1},"s":{"a":0,"k":[100,100],"ix":3},"r":{"a":0,"k":0,"ix":6},"o":{"a":0,"k":100,"ix":7},"sk":{"a":0,"k":0,"ix":4},"sa":{"a":0,"k":0,"ix":5},"nm":"Transform"}],"nm":"Rectangle 1","np":2,"cix":2,"bm":0,"ix":1,"mn":"ADBE Vector Group","hd":false}],"ip":23.9999979227274,"op":101.999991171592,"st":4.99999956723488,"bm":0},{"ddd":0,"ind":7,"ty":4,"nm":"LOADING ","tt":1,"sr":1,"ks":{"o":{"a":1,"k":[{"i":{"x":[0.833],"y":[0.833]},"o":{"x":[0.167],"y":[0.167]},"t":60,"s":[100]},{"t":62.9999945471595,"s":[0]}],"ix":11},"r":{"a":0,"k":0,"ix":10},"p":{"a":0,"k":[3.036,50,0],"ix":2},"a":{"a":0,"k":[-366.112,-109.5,0],"ix":1},"s":{"a":1,"k":[{"i":{"x":[0.58,0.58,0.58],"y":[1,1,1]},"o":{"x":[0.42,0.42,0.42],"y":[0,0,0]},"t":24,"s":[0,100,100]},{"i":{"x":[0.3,0.3,0.3],"y":[1,1,1]},"o":{"x":[0.42,0.42,0.42],"y":[0,0,0]},"t":39,"s":[34.572,100,100]},{"i":{"x":[0.3,0.3,0.3],"y":[1,1,1]},"o":{"x":[0.7,0.7,0.7],"y":[0,0,0]},"t":51.505,"s":[60.959,100,100]},{"t":62.9999945471595,"s":[100,100,100]}],"ix":6}},"ao":0,"shapes":[{"ty":"gr","it":[{"ty":"rc","d":1,"s":{"a":0,"k":[720,100],"ix":2},"p":{"a":0,"k":[0,0],"ix":3},"r":{"a":0,"k":20,"ix":4},"nm":"Rectangle Path 1","mn":"ADBE Vector Shape - Rect","hd":false},{"ty":"fl","c":{"a":0,"k":[0.180392161012,0.490196079016,0.196078434587,1],"ix":4},"o":{"a":0,"k":100,"ix":5},"r":1,"bm":0,"nm":"Fill 1","mn":"ADBE Vector Graphic - Fill","hd":false},{"ty":"tr","p":{"a":0,"k":[-2.5,-109.5],"ix":2},"a":{"a":0,"k":[0,0],"ix":1},"s":{"a":0,"k":[100,100],"ix":3},"r":{"a":0,"k":0,"ix":6},"o":{"a":0,"k":100,"ix":7},"sk":{"a":0,"k":0,"ix":4},"sa":{"a":0,"k":0,"ix":5},"nm":"Transform"}],"nm":"Rectangle 1","np":2,"cix":2,"bm":0,"ix":1,"mn":"ADBE Vector Group","hd":false}],"ip":23.9999979227274,"op":101.999991171592,"st":4.99999956723488,"bm":0},{"ddd":0,"ind":8,"ty":4,"nm":"SQUARE BUTTON","sr":1,"ks":{"o":{"a":0,"k":100,"ix":11},"r":{"a":0,"k":0,"ix":10},"p":{"a":0,"k":[365,50,0],"ix":2},"a":{"a":0,"k":[-2.5,-109.5,0],"ix":1},"s":{"a":0,"k":[100,100,100],"ix":6}},"ao":0,"shapes":[{"ty":"gr","it":[{"ty":"rc","d":1,"s":{"a":1,"k":[{"i":{"x":[0.15,0.15],"y":[1,1]},"o":{"x":[0.85,0.85],"y":[0,0]},"t":58,"s":[736,100]},{"t":77.9999932488641,"s":[100,100]}],"ix":2},"p":{"a":0,"k":[0,0],"ix":3},"r":{"a":1,"k":[{"i":{"x":[0.833],"y":[1]},"o":{"x":[0.167],"y":[0]},"t":6,"s":[20]},{"i":{"x":[0.15],"y":[1]},"o":{"x":[0.85],"y":[0]},"t":65,"s":[8]},{"t":77.9999932488641,"s":[438]}],"ix":4},"nm":"Rectangle Path 1","mn":"ADBE Vector Shape - Rect","hd":false},{"ty":"fl","c":{"a":0,"k":[0.152941176471,0.196078431373,0.219607843137,1],"ix":4},"o":{"a":0,"k":100,"ix":5},"r":1,"bm":0,"nm":"Fill 1","mn":"ADBE Vector Graphic - Fill","hd":false},{"ty":"tr","p":{"a":0,"k":[-0.5,-109.5],"ix":2},"a":{"a":0,"k":[0,0],"ix":1},"s":{"a":0,"k":[100,100],"ix":3},"r":{"a":0,"k":0,"ix":6},"o":{"a":0,"k":100,"ix":7},"sk":{"a":0,"k":0,"ix":4},"sa":{"a":0,"k":0,"ix":5},"nm":"Transform"}],"nm":"Rectangle 1","np":2,"cix":2,"bm":0,"ix":1,"mn":"ADBE Vector Group","hd":false}],"ip":0,"op":96.9999916043566,"st":0,"bm":0}],"markers":[],"chars":[{"ch":"L","size":41,"style":"Bold","w":55.57,"data":{"shapes":[{"ty":"gr","it":[{"ind":0,"ty":"sh","ix":1,"ks":{"a":0,"k":{"i":[[0,0],[0,0],[0,0],[0,0],[0,0],[0,0]],"o":[[0,0],[0,0],[0,0],[0,0],[0,0],[0,0]],"v":[[20.801,-71.094],[6.543,-71.094],[6.543,0],[52.637,0],[52.637,-10.938],[20.801,-10.938]],"c":true},"ix":2},"nm":"L","mn":"ADBE Vector Shape - Group","hd":false}],"nm":"L","np":3,"cix":2,"bm":0,"ix":1,"mn":"ADBE Vector Group","hd":false}]},"fFamily":"Roboto"},{"ch":"O","size":41,"style":"Bold","w":68.8,"data":{"shapes":[{"ty":"gr","it":[{"ind":0,"ty":"sh","ix":1,"ks":{"a":0,"k":{"i":[[0,0],[5.534,5.713],[8.821,0],[5.452,-5.713],[0,-8.691],[0,0],[-5.469,-5.696],[-8.789,0],[-5.502,5.681],[0,8.757]],"o":[[0,-8.691],[-5.534,-5.713],[-8.757,0],[-5.453,5.713],[0,0],[0,8.724],[5.469,5.697],[8.821,0],[5.501,-5.68],[0,0]],"v":[[64.062,-41.943],[55.762,-63.55],[34.229,-72.119],[12.915,-63.55],[4.736,-41.943],[4.736,-29.15],[12.939,-7.52],[34.326,1.025],[55.811,-7.495],[64.062,-29.15]],"c":true},"ix":2},"nm":"O","mn":"ADBE Vector Shape - Group","hd":false},{"ind":1,"ty":"sh","ix":2,"ks":{"a":0,"k":{"i":[[0,0],[2.734,-3.548],[4.883,0],[2.702,3.548],[0,5.632],[0,0],[-2.686,3.548],[-4.818,0],[-2.767,-3.548],[0,-5.534]],"o":[[0,5.632],[-2.734,3.548],[-4.851,0],[-2.702,-3.548],[0,0],[0,-5.534],[2.686,-3.548],[4.883,0],[2.766,3.548],[0,0]],"v":[[49.854,-29.15],[45.752,-15.381],[34.326,-10.059],[22.998,-15.381],[18.945,-29.15],[18.945,-42.041],[22.974,-55.664],[34.229,-60.986],[45.703,-55.664],[49.854,-42.041]],"c":true},"ix":2},"nm":"O","mn":"ADBE Vector Shape - Group","hd":false}],"nm":"O","np":5,"cix":2,"bm":0,"ix":1,"mn":"ADBE Vector Group","hd":false}]},"fFamily":"Roboto"},{"ch":"G","size":41,"style":"Bold","w":66.6,"data":{"shapes":[{"ty":"gr","it":[{"ind":0,"ty":"sh","ix":1,"ks":{"a":0,"k":{"i":[[0,0],[0,0],[0,0],[0,0],[0,0],[1.969,-0.684],[3.385,0],[2.734,3.386],[0,5.371],[0,0],[-2.67,3.369],[-4.362,0],[-2.181,-2.1],[0,-3.776],[0,0],[0,0],[4.622,4.118],[8.691,0],[5.305,-5.42],[0,-8.594],[0,0],[-5.469,-5.403],[-8.594,0],[-4.395,2.132],[-2.214,2.898]],"o":[[0,0],[0,0],[0,0],[0,0],[-1.074,1.042],[-1.97,0.684],[-4.59,0],[-2.734,-3.385],[0,0],[0,-5.305],[2.669,-3.369],[4.166,0],[2.18,2.1],[0,0],[0,0],[0.163,-6.868],[-4.623,-4.118],[-8.334,0],[-5.306,5.42],[0,0],[0,8.627],[5.469,5.404],[6.934,0],[4.395,-2.132],[0,0]],"v":[[61.035,-37.158],[33.057,-37.158],[33.057,-27.295],[46.729,-27.295],[46.729,-13.525],[42.163,-10.938],[34.131,-9.912],[23.145,-14.99],[19.043,-28.125],[19.043,-43.066],[23.047,-56.079],[33.594,-61.133],[43.115,-57.983],[46.387,-49.17],[59.814,-49.17],[59.912,-49.463],[53.223,-65.942],[33.252,-72.119],[12.793,-63.989],[4.834,-42.969],[4.834,-28.125],[13.037,-7.08],[34.131,1.025],[51.123,-2.173],[61.035,-9.717]],"c":true},"ix":2},"nm":"G","mn":"ADBE Vector Shape - Group","hd":false}],"nm":"G","np":3,"cix":2,"bm":0,"ix":1,"mn":"ADBE Vector Group","hd":false}]},"fFamily":"Roboto"},{"ch":"I","size":41,"style":"Bold","w":29.35,"data":{"shapes":[{"ty":"gr","it":[{"ind":0,"ty":"sh","ix":1,"ks":{"a":0,"k":{"i":[[0,0],[0,0],[0,0],[0,0]],"o":[[0,0],[0,0],[0,0],[0,0]],"v":[[21.777,-71.094],[7.52,-71.094],[7.52,0],[21.777,0]],"c":true},"ix":2},"nm":"I","mn":"ADBE Vector Shape - Group","hd":false}],"nm":"I","np":3,"cix":2,"bm":0,"ix":1,"mn":"ADBE Vector Group","hd":false}]},"fFamily":"Roboto"},{"ch":"N","size":41,"style":"Bold","w":70.56,"data":{"shapes":[{"ty":"gr","it":[{"ind":0,"ty":"sh","ix":1,"ks":{"a":0,"k":{"i":[[0,0],[0,0],[0,0],[0,0],[0,0],[0,0],[0,0],[0,0],[0,0],[0,0],[0,0],[0,0]],"o":[[0,0],[0,0],[0,0],[0,0],[0,0],[0,0],[0,0],[0,0],[0,0],[0,0],[0,0],[0,0]],"v":[[64.014,-71.094],[49.756,-71.094],[49.756,-23.242],[49.463,-23.193],[20.801,-71.094],[6.543,-71.094],[6.543,0],[20.801,0],[20.801,-47.9],[21.094,-47.949],[49.756,0],[64.014,0]],"c":true},"ix":2},"nm":"N","mn":"ADBE Vector Shape - Group","hd":false}],"nm":"N","np":3,"cix":2,"bm":0,"ix":1,"mn":"ADBE Vector Group","hd":false}]},"fFamily":"Roboto"}]}